seller_id,seller_state,seller_zip_prefix,onboarded_date
sel_000001,CA,34481,2024-07-08
sel_000002,NY,98375,2023-08-28
sel_000003,IL,72790,2023-10-04
sel_000004,FL,14550,2021-01-07
sel_000005,OH,49556,2020-12-13
sel_000006,NC,25518,2024-04-05
sel_000007,MT,20950,2023-06-12
sel_000008,VA,62131,2021-02-08
sel_000009,KS,55932,2024-03-06
sel_000010,TX,76345,2021-10-14
sel_000011,CA,89266,2024-07-15
sel_000012,OK,31239,2024-04-07
sel_000013,WI,92744,2021-10-11
sel_000014,TX,56700,2022-07-04
sel_000015,NJ,33163,2022-09-21
sel_000016,NY,85966,2021-06-25
sel_000017,IN,13146,2023-09-27
sel_000018,NC,59138,2022-12-07
sel_000019,PA,74949,2022-07-02
sel_000020,WI,34364,2021-12-17
sel_000021,MN,86420,2023-08-21
sel_000022,CA,31175,2022-05-26
sel_000023,NY,84932,2023-02-27
sel_000024,CA,16821,2022-10-10
sel_000025,FL,24224,2021-06-16
sel_000026,IL,43492,2023-05-20
sel_000027,OK,86729,2022-04-04
sel_000028,CT,22625,2021-02-17
sel_000029,CO,87695,2021-11-14
sel_000030,AR,30215,2020-12-09
sel_000031,TX,50524,2022-08-09
sel_000032,OH,41198,2023-11-04
sel_000033,AZ,20575,2020-12-05
sel_000034,AZ,94637,2022-05-09
sel_000035,NJ,48937,2024-01-04
sel_000036,GA,71745,2023-09-12
sel_000037,NY,61785,2023-12-03
sel_000038,MD,54659,2021-07-30
sel_000039,VA,64776,2024-08-14
sel_000040,GA,89364,2021-12-17
sel_000041,NC,72128,2022-09-22
sel_000042,CA,57907,2024-09-11
sel_000043,WA,67340,2022-06-25
sel_000044,WI,63421,2021-11-28
sel_000045,OK,48305,2022-01-07
sel_000046,MI,65278,2022-10-30
sel_000047,FL,49944,2023-08-16
sel_000048,TN,77472,2024-04-29
sel_000049,OK,96112,2024-12-12
sel_000050,FL,95416,2023-07-11
sel_000051,MA,83951,2022-05-28
sel_000052,MI,63648,2024-11-04
sel_000053,TN,76315,2020-11-24
sel_000054,NC,25408,2022-08-05
sel_000055,NY,52767,2023-10-16
sel_000056,NY,32607,2021-01-18
sel_000057,GA,10127,2024-03-30
sel_000058,IN,96864,2021-01-25
sel_000059,AR,86395,2023-11-04
sel_000060,PA,55706,2023-06-10
sel_000061,MD,32769,2023-04-03
sel_000062,MD,71466,2020-11-30
sel_000063,FL,48376,2023-12-20
sel_000064,FL,81987,2021-01-02
sel_000065,NM,98793,2023-07-29
sel_000066,FL,41802,2023-10-30
sel_000067,CA,31906,2022-05-19
sel_000068,PA,33462,2022-02-25
sel_000069,IA,18173,2023-08-01
sel_000070,IA,45594,2024-06-13
sel_000071,MD,11860,2023-05-17
sel_000072,TN,20997,2022-10-12
sel_000073,IL,34440,2024-10-31
sel_000074,PA,24841,2024-09-04
sel_000075,VA,75170,2021-03-26
sel_000076,NC,19647,2024-11-07
sel_000077,MD,87198,2023-05-01
sel_000078,OR,29590,2021-11-11
sel_000079,MA,19373,2023-08-27
sel_000080,LA,10548,2022-12-20
sel_000081,MO,73470,2024-08-23
sel_000082,IL,32481,2021-09-27
sel_000083,CA,55248,2022-05-25
sel_000084,LA,19263,2021-07-03
sel_000085,CA,97749,2021-06-15
sel_000086,LA,21370,2023-07-24
sel_000087,NH,46262,2024-10-30
sel_000088,VA,85945,2023-07-30
sel_000089,AZ,31114,2024-05-27
sel_000090,NY,33623,2022-10-23
sel_000091,MA,81405,2024-05-25
sel_000092,AZ,34323,2021-03-20
sel_000093,FL,10112,2022-07-12
sel_000094,CA,48655,2023-12-17
sel_000095,FL,11280,2021-03-21
sel_000096,GA,90990,2021-11-03
sel_000097,KY,67568,2023-03-15
sel_000098,MO,61433,2024-05-25
sel_000099,AL,27437,2023-08-03
sel_000100,CO,72695,2022-08-08
sel_000101,CA,70647,2021-11-09
sel_000102,NV,15663,2023-12-04
sel_000103,IL,88683,2021-12-13
sel_000104,NV,61301,2023-11-03
sel_000105,FL,80505,2023-12-27
sel_000106,AZ,33540,2023-03-01
sel_000107,VA,20932,2024-05-03
sel_000108,CA,72393,2023-05-04
sel_000109,CA,80148,2023-07-13
sel_000110,CA,44685,2023-11-07
sel_000111,WI,12737,2021-10-25
sel_000112,NY,82634,2023-08-21
sel_000113,NY,28773,2022-02-23
sel_000114,WI,40761,2022-01-16
sel_000115,CA,65183,2022-04-07
sel_000116,WA,18113,2023-11-23
sel_000117,FL,16369,2021-08-05
sel_000118,NY,12943,2024-01-11
sel_000119,MD,91255,2023-11-11
sel_000120,KS,37767,2021-05-29
sel_000121,VA,68622,2023-08-09
sel_000122,CA,98666,2022-02-20
sel_000123,WI,69551,2024-10-28
sel_000124,IA,56361,2022-06-24
sel_000125,NY,56925,2021-06-07
sel_000126,WA,43219,2022-02-02
sel_000127,CA,63805,2022-08-10
sel_000128,VA,95587,2021-07-07
sel_000129,NJ,80325,2023-10-11
sel_000130,OH,47476,2023-06-15
sel_000131,CA,39743,2024-09-17
sel_000132,MO,88393,2022-02-18
sel_000133,NC,22842,2022-01-11
sel_000134,MA,85940,2021-11-30
sel_000135,CA,32746,2021-12-04
sel_000136,FL,73810,2024-06-23
sel_000137,TX,81956,2022-04-07
sel_000138,AZ,52168,2021-11-12
sel_000139,OH,27897,2024-02-29
sel_000140,WY,85109,2023-01-16
sel_000141,AL,42320,2021-04-02
sel_000142,CO,38674,2023-04-19
sel_000143,NC,55532,2021-11-28
sel_000144,CA,48676,2022-10-28
sel_000145,NM,70139,2022-04-20
sel_000146,NC,22406,2022-06-05
sel_000147,NM,48995,2022-04-30
sel_000148,IN,89683,2021-10-19
sel_000149,OH,13190,2021-04-15
sel_000150,NY,50627,2023-10-14
sel_000151,FL,68227,2021-03-10
sel_000152,NJ,89543,2022-06-03
sel_000153,TX,62135,2022-07-22
sel_000154,NC,83588,2023-08-27
sel_000155,MI,29386,2023-04-16
sel_000156,IL,41124,2022-04-29
sel_000157,CA,93821,2023-07-04
sel_000158,FL,88417,2023-10-27
sel_000159,AL,59511,2021-08-21
sel_000160,WI,52629,2023-04-18
sel_000161,FL,50795,2022-05-09
sel_000162,TN,15273,2024-11-14
sel_000163,CO,89893,2024-09-06
sel_000164,GA,82431,2021-07-08
sel_000165,ME,50122,2024-05-31
sel_000166,IL,34753,2021-09-25
sel_000167,SC,40531,2021-04-21
sel_000168,WA,20546,2023-01-09
sel_000169,TX,74614,2021-05-15
sel_000170,CA,59922,2023-03-31
sel_000171,PA,30369,2021-02-03
sel_000172,CA,65531,2024-01-10
sel_000173,UT,97153,2023-03-30
sel_000174,MO,20407,2023-05-28
sel_000175,IL,50900,2021-10-12
sel_000176,CA,53492,2024-10-26
sel_000177,AL,24490,2021-08-07
sel_000178,FL,57624,2024-11-25
sel_000179,UT,63486,2023-09-14
sel_000180,SC,24237,2022-07-21
sel_000181,WA,23656,2024-05-27
sel_000182,CA,86893,2022-12-27
sel_000183,NM,37171,2020-11-27
sel_000184,FL,66134,2021-08-15
sel_000185,NE,65444,2024-11-15
sel_000186,IL,84662,2022-07-27
sel_000187,GA,75464,2022-07-19
sel_000188,NJ,84572,2024-09-19
sel_000189,CT,65424,2022-05-01
sel_000190,MI,50855,2022-11-11
sel_000191,NY,45119,2022-03-14
sel_000192,CA,43452,2023-10-12
sel_000193,VA,47163,2023-12-13
sel_000194,MN,21391,2021-12-23
sel_000195,TN,47126,2022-01-14
sel_000196,NY,44387,2024-05-02
sel_000197,OH,13325,2024-02-10
sel_000198,OH,34229,2022-08-05
sel_000199,TX,76165,2021-08-06
sel_000200,NY,61698,2024-03-03
sel_000201,GA,81590,2024-02-06
sel_000202,CA,58783,2021-09-07
sel_000203,NY,86289,2022-02-20
sel_000204,CA,80515,2021-04-18
sel_000205,FL,18650,2021-10-13
sel_000206,CA,96226,2021-02-01
sel_000207,NV,11923,2024-03-22
sel_000208,CO,63296,2023-11-19
sel_000209,NY,80453,2024-01-09
sel_000210,PA,39360,2024-10-08
sel_000211,TN,63220,2021-10-20
sel_000212,IL,42374,2022-04-14
sel_000213,NV,15786,2024-08-24
sel_000214,NJ,10962,2024-03-08
sel_000215,MI,18422,2024-03-20
sel_000216,NY,18429,2023-05-07
sel_000217,FL,64178,2023-02-17
sel_000218,WV,56793,2023-10-24
sel_000219,CA,50201,2021-03-07
sel_000220,TN,71267,2024-02-16
sel_000221,NY,11492,2022-09-10
sel_000222,FL,34125,2023-03-15
sel_000223,OR,79639,2023-05-29
sel_000224,CA,90531,2021-08-11
sel_000225,PA,49857,2020-12-25
sel_000226,NM,17425,2024-12-22
sel_000227,CA,81362,2023-02-04
sel_000228,CA,88355,2024-07-05
sel_000229,OR,46906,2023-03-21
sel_000230,GA,31970,2022-06-20
sel_000231,TX,13338,2023-04-23
sel_000232,PA,62634,2023-09-24
sel_000233,OH,90962,2023-09-20
sel_000234,GA,70693,2023-10-08
sel_000235,OH,38824,2023-08-30
sel_000236,WA,67121,2023-06-19
sel_000237,CA,84423,2022-03-05
sel_000238,IL,52537,2024-08-09
sel_000239,FL,82340,2024-10-30
sel_000240,KY,44135,2022-11-17
sel_000241,OR,41179,2022-03-14
sel_000242,MI,61902,2023-12-09
sel_000243,NJ,51919,2024-03-04
sel_000244,IL,96148,2022-06-08
sel_000245,CA,55574,2023-06-04
sel_000246,GA,44846,2021-12-23
sel_000247,TX,45149,2024-05-25
sel_000248,NY,58281,2024-07-02
sel_000249,IA,41551,2022-09-24
sel_000250,PA,74350,2023-05-22
sel_000251,CA,43161,2022-01-02
sel_000252,FL,44621,2022-12-03
sel_000253,FL,64363,2023-07-18
sel_000254,WI,15619,2024-05-05
sel_000255,OH,68176,2024-04-30
sel_000256,NY,54185,2021-11-23
sel_000257,AL,50676,2024-01-26
sel_000258,CT,74741,2022-12-08
sel_000259,NY,77316,2021-08-22
sel_000260,IA,85414,2021-04-25
sel_000261,VA,43808,2023-11-25
sel_000262,PA,39167,2024-07-19
sel_000263,MA,73695,2021-10-26
sel_000264,OR,61228,2022-03-06
sel_000265,WV,66278,2023-08-22
sel_000266,MA,59556,2022-07-25
sel_000267,NY,78977,2024-03-23
sel_000268,VA,26203,2022-02-14
sel_000269,FL,59955,2022-01-05
sel_000270,TX,24538,2023-10-09
sel_000271,CA,46385,2023-01-28
sel_000272,NY,69365,2023-08-18
sel_000273,PA,53860,2024-11-14
sel_000274,NY,43118,2024-06-23
sel_000275,MN,88346,2021-01-22
sel_000276,NY,78785,2023-02-16
sel_000277,CA,56178,2024-05-23
sel_000278,FL,94712,2024-10-25
sel_000279,GA,47867,2023-07-20
sel_000280,NY,80783,2020-12-18
sel_000281,MA,24668,2023-06-03
sel_000282,FL,35170,2020-11-23
sel_000283,TX,40193,2022-12-28
sel_000284,IA,19753,2021-11-11
sel_000285,MA,54457,2021-10-10
sel_000286,LA,27793,2024-11-18
sel_000287,CT,66626,2024-12-21
sel_000288,OK,26211,2021-03-19
sel_000289,MA,20122,2021-03-04
sel_000290,AZ,96430,2024-06-15
sel_000291,WA,68983,2022-05-07
sel_000292,TN,93388,2021-03-17
sel_000293,OH,53516,2021-02-04
sel_000294,TX,12790,2023-10-13
sel_000295,UT,61433,2021-08-23
sel_000296,IL,59761,2022-05-07
sel_000297,NY,11680,2021-03-11
sel_000298,NY,86753,2024-05-25
sel_000299,GA,65181,2022-07-14
sel_000300,FL,76774,2024-11-24
sel_000301,CA,53623,2023-07-14
sel_000302,NY,65208,2024-12-13
sel_000303,PA,32812,2023-03-08
sel_000304,PA,96342,2021-09-02
sel_000305,IL,45922,2022-04-19
sel_000306,FL,24334,2023-09-13
sel_000307,MA,14311,2023-04-01
sel_000308,NV,66413,2023-06-29
sel_000309,VA,97901,2021-12-30
sel_000310,TX,89753,2023-11-27
sel_000311,UT,72558,2024-08-15
sel_000312,TX,98185,2022-12-02
sel_000313,WA,74226,2021-08-04
sel_000314,MI,40329,2023-01-15
sel_000315,AR,63807,2024-02-28
sel_000316,CA,17640,2024-10-22
sel_000317,KY,29169,2021-02-15
sel_000318,FL,47622,2021-11-16
sel_000319,CO,27450,2024-05-11
sel_000320,WA,94411,2024-09-11
sel_000321,FL,98849,2024-06-20
sel_000322,WA,43618,2023-06-15
sel_000323,PA,73517,2021-08-31
sel_000324,NY,46396,2024-05-05
sel_000325,NC,22122,2021-08-21
sel_000326,IL,39815,2024-12-28
sel_000327,NY,30261,2021-12-19
sel_000328,CT,39638,2023-11-03
sel_000329,VA,29298,2021-01-21
sel_000330,ID,19398,2023-01-17
sel_000331,FL,29847,2023-11-21
sel_000332,OH,90433,2024-01-01
sel_000333,NY,17178,2021-08-09
sel_000334,MA,38516,2023-05-06
sel_000335,NY,57373,2023-07-22
sel_000336,CO,41355,2021-12-24
sel_000337,NC,56726,2022-10-17
sel_000338,GA,13530,2022-04-10
sel_000339,GA,67704,2023-03-04
sel_000340,CO,60572,2024-09-26
sel_000341,IL,70440,2024-12-22
sel_000342,IL,60387,2024-11-02
sel_000343,MA,48211,2022-08-22
sel_000344,DE,41227,2022-11-22
sel_000345,FL,30477,2021-12-06
sel_000346,NE,54946,2021-04-29
sel_000347,CA,12907,2024-04-13
sel_000348,NC,39751,2021-01-26
sel_000349,VA,70972,2021-03-05
sel_000350,MD,19969,2022-06-21
sel_000351,TX,15888,2022-10-27
sel_000352,CA,68533,2024-04-10
sel_000353,AZ,45184,2024-04-07
sel_000354,OH,81754,2024-12-03
sel_000355,PA,93756,2022-05-07
sel_000356,TX,95897,2023-03-22
sel_000357,CA,47732,2024-03-18
sel_000358,PA,33814,2024-06-13
sel_000359,IA,64495,2024-09-26
sel_000360,ID,65349,2022-05-15
sel_000361,CO,65526,2022-03-09
sel_000362,WI,38977,2022-05-29
sel_000363,CA,15781,2024-07-18
sel_000364,TN,28300,2024-10-30
sel_000365,NY,23192,2024-07-24
sel_000366,OK,21848,2021-11-30
sel_000367,OH,92625,2021-12-17
sel_000368,TX,11877,2023-10-16
sel_000369,CT,63568,2024-10-09
sel_000370,AL,94468,2023-09-08
sel_000371,NY,42801,2021-09-04
sel_000372,IN,56744,2024-05-30
sel_000373,CA,71854,2021-09-24
sel_000374,CT,38164,2023-02-05
sel_000375,IL,52682,2024-06-02
sel_000376,CA,82340,2021-03-02
sel_000377,CA,76848,2022-11-14
sel_000378,UT,81826,2022-03-30
sel_000379,IL,97694,2024-08-08
sel_000380,WI,42492,2023-06-22
sel_000381,WA,76312,2022-05-27
sel_000382,CA,63614,2022-05-08
sel_000383,OH,69478,2024-09-27
sel_000384,NY,75164,2022-07-09
sel_000385,ND,76829,2021-02-14
sel_000386,CA,88929,2021-10-09
sel_000387,CT,41141,2024-02-23
sel_000388,CA,68181,2021-04-03
sel_000389,NY,34731,2022-03-13
sel_000390,WI,62645,2024-10-06
sel_000391,NC,76248,2024-06-21
sel_000392,OH,80627,2021-03-21
sel_000393,WI,47516,2024-02-20
sel_000394,NC,55594,2024-08-07
sel_000395,AZ,39300,2023-02-24
sel_000396,TX,25406,2022-11-04
sel_000397,IN,33564,2022-08-24
sel_000398,AL,91197,2022-04-18
sel_000399,MN,37144,2020-11-24
sel_000400,VA,96729,2021-11-18
sel_000401,FL,31472,2024-11-22
sel_000402,MN,74960,2024-08-20
sel_000403,CO,61343,2024-12-30
sel_000404,CA,72716,2023-05-18
sel_000405,CA,67141,2023-07-24
sel_000406,OH,72117,2021-03-02
sel_000407,TX,90892,2023-07-01
sel_000408,CA,60680,2024-11-15
sel_000409,GA,16886,2021-05-16
sel_000410,FL,34335,2023-12-06
sel_000411,AZ,73944,2021-04-03
sel_000412,NV,53556,2021-10-27
sel_000413,OH,58361,2021-05-21
sel_000414,NY,63963,2021-08-20
sel_000415,KS,44795,2024-05-30
sel_000416,NH,78864,2022-06-06
sel_000417,CA,74928,2023-04-23
sel_000418,CA,73977,2022-06-02
sel_000419,VA,73852,2021-12-08
sel_000420,PA,89984,2022-12-11
sel_000421,VA,62738,2023-09-19
sel_000422,VT,96441,2021-03-28
sel_000423,NY,20894,2022-04-11
sel_000424,VA,66485,2021-05-13
sel_000425,ME,73129,2024-01-10
sel_000426,AL,52338,2021-07-23
sel_000427,CA,35971,2023-09-03
sel_000428,CA,58226,2023-02-09
sel_000429,CA,42318,2021-06-20
sel_000430,IL,90361,2023-07-18
sel_000431,OH,41400,2023-12-21
sel_000432,PA,25801,2021-03-29
sel_000433,NM,61492,2021-01-15
sel_000434,CA,45699,2023-09-21
sel_000435,OR,18937,2023-09-28
sel_000436,IN,60304,2024-01-24
sel_000437,AL,57865,2024-11-25
sel_000438,GA,25570,2022-09-24
sel_000439,IL,63828,2023-12-14
sel_000440,GA,60762,2021-07-07
sel_000441,TN,78901,2024-04-18
sel_000442,PA,42732,2022-05-23
sel_000443,OH,32859,2022-12-02
sel_000444,CA,94364,2022-06-27
sel_000445,SC,59839,2024-07-15
sel_000446,NC,12733,2023-01-31
sel_000447,FL,83883,2022-06-06
sel_000448,NY,27780,2023-08-07
sel_000449,MI,79102,2021-05-29
sel_000450,MA,72662,2022-10-29
sel_000451,CA,96138,2023-07-06
sel_000452,MO,95613,2024-11-14
sel_000453,CA,34448,2024-04-22
sel_000454,CO,78995,2023-01-16
sel_000455,CA,38984,2023-05-11
sel_000456,WA,65272,2021-06-03
sel_000457,GA,63820,2021-10-09
sel_000458,IN,14170,2024-05-06
sel_000459,IL,10612,2022-07-28
sel_000460,TX,15937,2023-02-18
sel_000461,NJ,21164,2024-08-01
sel_000462,VA,32786,2022-04-07
sel_000463,HI,90325,2022-10-17
sel_000464,CA,56795,2024-08-21
sel_000465,NH,80237,2023-01-29
sel_000466,IL,84879,2021-12-30
sel_000467,SC,75573,2023-08-28
sel_000468,TX,44899,2023-07-15
sel_000469,MI,86565,2024-07-18
sel_000470,WA,76459,2024-02-28
sel_000471,NV,76180,2020-12-21
sel_000472,GA,90563,2022-06-14
sel_000473,MI,63270,2024-04-11
sel_000474,AZ,57102,2023-01-07
sel_000475,SC,89773,2024-03-17
sel_000476,CA,50851,2023-03-08
sel_000477,IL,82207,2024-05-26
sel_000478,NJ,14327,2022-06-17
sel_000479,AZ,10615,2022-08-29
sel_000480,CA,57583,2022-05-26
sel_000481,OH,16925,2023-03-06
sel_000482,CA,96630,2023-10-29
sel_000483,MI,10455,2023-12-22
sel_000484,IL,73773,2024-02-12
sel_000485,FL,31839,2023-03-28
sel_000486,DE,96557,2023-02-23
sel_000487,PA,43572,2022-03-27
sel_000488,WA,12570,2024-10-13
sel_000489,CA,12131,2023-11-04
sel_000490,WA,59559,2021-07-01
sel_000491,NY,97556,2021-03-30
sel_000492,NY,97825,2021-03-06
sel_000493,OH,40932,2023-09-28
sel_000494,OH,52634,2024-06-08
sel_000495,TN,18291,2024-03-08
sel_000496,MI,56343,2024-06-16
sel_000497,MO,63171,2021-01-30
sel_000498,IL,32697,2021-05-16
sel_000499,CA,64984,2021-09-02
sel_000500,NC,90828,2022-01-02
sel_000501,AZ,10641,2023-08-04
sel_000502,GA,30339,2023-01-17
sel_000503,CA,28509,2021-07-18
sel_000504,DE,21578,2021-08-28
sel_000505,NY,24549,2022-11-14
sel_000506,NY,65261,2021-07-24
sel_000507,MD,19824,2023-07-30
sel_000508,CA,75335,2023-04-21
sel_000509,MD,88298,2021-07-21
sel_000510,IN,92201,2023-06-15
sel_000511,OH,68117,2021-11-29
sel_000512,NJ,27463,2023-02-20
sel_000513,MN,17510,2023-10-11
sel_000514,MI,30188,2024-02-06
sel_000515,WA,95982,2022-07-05
sel_000516,PA,95238,2023-01-11
sel_000517,MN,43394,2023-06-26
sel_000518,MI,38474,2021-12-13
sel_000519,AZ,55536,2024-12-29
sel_000520,VA,35980,2024-08-14
sel_000521,IL,97397,2021-01-19
sel_000522,FL,29578,2022-04-11
sel_000523,WY,42987,2022-09-29
sel_000524,OH,48135,2024-12-08
sel_000525,AR,21167,2022-07-17
sel_000526,CA,44384,2023-03-20
sel_000527,AZ,86900,2022-07-15
sel_000528,NY,22949,2024-10-30
sel_000529,CA,61375,2022-09-27
sel_000530,VA,46496,2022-08-17
sel_000531,VA,25879,2023-10-23
sel_000532,NV,11162,2024-10-10
sel_000533,NY,34229,2021-01-04
sel_000534,GA,15444,2022-02-01
sel_000535,CA,43212,2022-06-13
sel_000536,OK,82893,2021-11-07
sel_000537,CA,74569,2022-03-31
sel_000538,CA,94415,2024-06-12
sel_000539,IL,48113,2023-02-18
sel_000540,AL,72183,2021-05-08
sel_000541,MD,69803,2023-10-26
sel_000542,OH,29650,2021-01-03
sel_000543,SC,37458,2024-09-25
sel_000544,NY,57324,2023-08-23
sel_000545,TX,80454,2023-07-25
sel_000546,LA,51832,2022-06-19
sel_000547,TX,30506,2024-04-11
sel_000548,MN,98459,2024-01-22
sel_000549,FL,20355,2022-04-13
sel_000550,VA,95782,2023-10-31
sel_000551,GA,82327,2021-05-23
sel_000552,AZ,84453,2021-06-05
sel_000553,FL,80891,2023-10-04
sel_000554,IN,28943,2022-09-13
sel_000555,IL,66757,2023-08-20
sel_000556,MO,77251,2023-08-02
sel_000557,TX,76291,2022-04-01
sel_000558,GA,34204,2023-10-18
sel_000559,MO,26980,2024-05-21
sel_000560,IL,39447,2023-12-08
sel_000561,TN,52740,2021-03-08
sel_000562,CA,61581,2023-12-08
sel_000563,CA,84545,2023-07-04
sel_000564,MN,78918,2022-06-02
sel_000565,NC,70131,2024-08-01
sel_000566,SC,33655,2023-11-24
sel_000567,NM,52356,2024-04-13
sel_000568,PA,39170,2021-03-16
sel_000569,KY,30803,2021-03-03
sel_000570,AZ,10852,2021-11-24
sel_000571,CA,40826,2023-12-26
sel_000572,AZ,32845,2022-06-20
sel_000573,IL,60865,2022-04-13
sel_000574,MN,15816,2021-06-06
sel_000575,IN,34422,2024-05-10
sel_000576,NJ,13957,2021-12-23
sel_000577,MI,67981,2024-03-15
sel_000578,NC,60242,2022-08-31
sel_000579,NC,40495,2021-05-23
sel_000580,IL,23937,2024-09-28
sel_000581,IL,95606,2024-05-23
sel_000582,NJ,62732,2021-08-30
sel_000583,NY,70156,2024-12-02
sel_000584,IL,57798,2022-03-09
sel_000585,IL,81635,2022-12-10
sel_000586,OH,89626,2023-07-30
sel_000587,NY,44497,2021-06-16
sel_000588,CA,71896,2021-07-07
sel_000589,MA,30363,2023-08-30
sel_000590,TX,68786,2024-12-24
sel_000591,AZ,45678,2024-06-21
sel_000592,TX,10362,2024-07-23
sel_000593,CO,95618,2020-12-19
sel_000594,MN,87295,2022-07-20
sel_000595,MD,35976,2022-03-22
sel_000596,AL,98888,2024-01-19
sel_000597,UT,38820,2021-07-04
sel_000598,MA,50858,2022-01-12
sel_000599,WA,85490,2021-11-29
sel_000600,GA,37976,2023-01-29
sel_000601,TX,50488,2022-02-18
sel_000602,VA,69942,2022-10-07
sel_000603,NH,21985,2023-06-03
sel_000604,FL,47123,2022-07-23
sel_000605,NC,37515,2023-09-01
sel_000606,NV,70609,2021-02-01
sel_000607,VA,22538,2022-01-21
sel_000608,MA,30342,2021-12-19
sel_000609,GA,73822,2022-01-21
sel_000610,CA,23641,2023-02-27
sel_000611,OH,47402,2021-02-05
sel_000612,WA,73323,2024-02-23
sel_000613,AZ,78460,2022-08-31
sel_000614,OK,18812,2024-09-17
sel_000615,VA,85606,2023-10-16
sel_000616,CA,74232,2022-08-22
sel_000617,CA,40414,2022-12-28
sel_000618,OH,77416,2021-02-19
sel_000619,NY,74375,2022-06-25
sel_000620,CA,63288,2023-04-24
sel_000621,TX,59172,2023-04-01
sel_000622,MO,75126,2022-06-28
sel_000623,UT,98854,2021-10-02
sel_000624,TX,61917,2023-11-12
sel_000625,TN,81228,2022-08-07
sel_000626,MS,76439,2022-08-22
sel_000627,FL,86876,2024-12-16
sel_000628,MN,94505,2021-04-02
sel_000629,CA,27212,2022-08-29
sel_000630,NY,24991,2024-01-03
sel_000631,CA,62416,2022-05-26
sel_000632,MS,49255,2022-03-20
sel_000633,CA,60482,2021-03-30
sel_000634,HI,81119,2024-11-09
sel_000635,FL,92154,2023-04-20
sel_000636,NY,47406,2024-04-04
sel_000637,PA,73691,2022-08-22
sel_000638,CA,27541,2022-12-10
sel_000639,TX,57517,2023-01-18
sel_000640,TX,11260,2020-12-19
sel_000641,IL,54334,2022-10-26
sel_000642,NY,58247,2023-04-24
sel_000643,LA,75269,2024-09-21
sel_000644,CA,67852,2023-10-23
sel_000645,MO,41225,2021-04-25
sel_000646,CA,10424,2023-02-22
sel_000647,TX,20892,2021-04-06
sel_000648,VA,96981,2022-10-24
sel_000649,TN,92627,2022-10-01
sel_000650,NJ,38501,2023-03-27
sel_000651,NH,33855,2022-09-18
sel_000652,WI,48446,2024-09-22
sel_000653,FL,71436,2024-10-05
sel_000654,CA,41304,2023-01-17
sel_000655,NJ,15134,2022-07-18
sel_000656,IL,45994,2022-09-27
sel_000657,IL,33676,2023-03-28
sel_000658,AL,38372,2023-10-17
sel_000659,NY,24606,2022-02-02
sel_000660,GA,68414,2022-07-08
sel_000661,CT,56528,2024-10-21
sel_000662,AZ,34721,2023-02-21
sel_000663,IN,59159,2022-01-30
sel_000664,TX,53450,2021-10-12
sel_000665,IL,80375,2023-10-27
sel_000666,NC,95652,2021-03-15
sel_000667,PA,21462,2022-04-29
sel_000668,IL,88328,2023-03-15
sel_000669,TN,72804,2022-06-04
sel_000670,OH,71181,2021-06-03
sel_000671,NJ,43413,2024-01-25
sel_000672,AL,40890,2024-05-19
sel_000673,AZ,10584,2023-03-11
sel_000674,WI,97887,2024-08-27
sel_000675,PA,63997,2021-07-27
sel_000676,VA,45649,2021-01-06
sel_000677,TX,58142,2022-07-07
sel_000678,AZ,13906,2020-12-23
sel_000679,RI,25418,2024-09-18
sel_000680,MA,65617,2022-05-27
sel_000681,PA,55980,2023-03-08
sel_000682,AL,80946,2023-11-11
sel_000683,GA,68980,2023-09-20
sel_000684,OR,63587,2022-10-05
sel_000685,RI,82881,2022-05-14
sel_000686,NY,16918,2024-04-29
sel_000687,ID,71906,2022-06-23
sel_000688,IL,73933,2021-03-13
sel_000689,WA,34268,2024-12-15
sel_000690,MA,27326,2021-05-24
sel_000691,MA,29497,2022-07-04
sel_000692,NV,27242,2023-08-06
sel_000693,LA,56813,2021-12-25
sel_000694,NV,22559,2022-06-18
sel_000695,MD,68734,2021-11-04
sel_000696,TN,19759,2024-08-31
sel_000697,UT,12312,2024-10-03
sel_000698,VA,38866,2022-05-13
sel_000699,NJ,27803,2023-10-02
sel_000700,MA,97962,2024-01-08
sel_000701,OH,36186,2023-04-09
sel_000702,TX,29791,2022-01-08
sel_000703,NJ,27680,2024-04-05
sel_000704,OH,43789,2021-01-02
sel_000705,OR,63626,2023-04-10
sel_000706,NC,79958,2024-05-19
sel_000707,OR,42575,2024-09-15
sel_000708,FL,65839,2021-06-24
sel_000709,MN,52436,2024-07-14
sel_000710,NM,85956,2023-04-12
sel_000711,AL,60193,2022-04-03
sel_000712,TX,35516,2022-11-22
sel_000713,NY,72702,2023-12-03
sel_000714,CA,82126,2024-07-22
sel_000715,TN,51730,2022-01-29
sel_000716,OH,97227,2022-12-27
sel_000717,PA,88106,2024-10-19
sel_000718,KY,27861,2024-04-03
sel_000719,TX,80974,2022-09-09
sel_000720,LA,63653,2024-04-22
sel_000721,NJ,57560,2023-05-24
sel_000722,AL,55362,2024-06-27
sel_000723,NY,85420,2021-09-23
sel_000724,OH,64701,2022-05-31
sel_000725,NJ,57649,2021-10-12
sel_000726,MN,14384,2024-10-13
sel_000727,SD,49454,2023-06-17
sel_000728,NC,90906,2023-11-25
sel_000729,GA,73416,2022-06-11
sel_000730,WA,14778,2021-08-17
sel_000731,OH,88540,2024-01-24
sel_000732,WI,83936,2021-11-03
sel_000733,WA,58288,2022-08-13
sel_000734,VA,11780,2021-08-13
sel_000735,PA,60238,2024-08-31
sel_000736,NY,14971,2020-12-06
sel_000737,CO,38394,2023-03-20
sel_000738,NE,65427,2023-11-07
sel_000739,PA,91712,2024-04-01
sel_000740,MO,41339,2020-12-15
sel_000741,TX,86631,2021-05-16
sel_000742,CA,91410,2024-06-17
sel_000743,IA,11908,2023-03-05
sel_000744,MN,31860,2021-12-27
sel_000745,MD,73308,2022-07-29
sel_000746,CA,77173,2024-03-22
sel_000747,CA,44420,2023-07-09
sel_000748,TX,68580,2023-06-28
sel_000749,MI,64528,2023-10-25
sel_000750,AR,75243,2021-01-20
sel_000751,AZ,73144,2024-03-01
sel_000752,MI,17750,2022-02-05
sel_000753,CO,24792,2021-04-04
sel_000754,OH,21231,2021-09-26
sel_000755,SC,92259,2021-09-19
sel_000756,FL,91412,2024-05-06
sel_000757,NM,80944,2024-06-14
sel_000758,CA,20397,2021-10-14
sel_000759,ID,61878,2021-12-07
sel_000760,TX,26267,2021-12-14
sel_000761,NE,42283,2023-04-13
sel_000762,TX,33216,2022-11-07
sel_000763,FL,83816,2024-12-07
sel_000764,IL,22582,2023-10-21
sel_000765,MI,67664,2022-10-30
sel_000766,MI,97676,2024-06-25
sel_000767,WI,71129,2024-06-19
sel_000768,CA,17656,2024-10-24
sel_000769,TX,90458,2024-02-20
sel_000770,TX,67288,2020-12-03
sel_000771,NV,50775,2022-02-21
sel_000772,IL,68202,2021-02-08
sel_000773,MO,88933,2023-12-11
sel_000774,GA,52406,2022-07-17
sel_000775,SC,57820,2021-05-04
sel_000776,MN,50127,2023-07-22
sel_000777,VA,16829,2022-04-20
sel_000778,NY,80794,2022-02-26
sel_000779,MS,21253,2021-08-01
sel_000780,OH,45307,2021-01-07
sel_000781,MN,44602,2022-06-22
sel_000782,TX,34211,2022-08-10
sel_000783,CT,45749,2021-06-07
sel_000784,WA,65388,2022-03-10
sel_000785,TN,37624,2023-07-07
sel_000786,TX,25849,2022-05-31
sel_000787,MI,87122,2022-09-29
sel_000788,TX,96121,2024-01-23
sel_000789,IL,50699,2022-11-18
sel_000790,PA,39283,2022-06-10
sel_000791,CA,14753,2021-04-16
sel_000792,IL,13535,2022-08-13
sel_000793,MA,44969,2024-04-27
sel_000794,IL,92834,2020-12-11
sel_000795,KS,75588,2022-08-17
sel_000796,TN,41249,2023-10-27
sel_000797,FL,96446,2021-11-26
sel_000798,OR,48226,2023-06-03
sel_000799,CA,34670,2023-06-25
sel_000800,PA,47626,2021-07-21
sel_000801,RI,28173,2021-06-09
sel_000802,LA,88488,2022-11-06
sel_000803,OH,42357,2023-06-20
sel_000804,UT,68606,2021-06-15
sel_000805,SC,44936,2024-04-15
sel_000806,KY,90278,2021-12-06
sel_000807,MI,67970,2022-08-08
sel_000808,PA,53127,2021-06-29
sel_000809,GA,21700,2023-04-10
sel_000810,SC,90215,2021-08-01
sel_000811,IL,58546,2024-12-08
sel_000812,SC,35667,2021-11-20
sel_000813,CA,88315,2024-09-17
sel_000814,AZ,14422,2022-05-13
sel_000815,WI,37753,2024-03-13
sel_000816,TX,57116,2021-01-16
sel_000817,TX,40760,2021-11-03
sel_000818,WA,52606,2024-07-27
sel_000819,MD,33387,2021-05-03
sel_000820,GA,21173,2023-12-19
sel_000821,CA,13661,2022-10-05
sel_000822,MN,24615,2024-08-25
sel_000823,FL,94726,2024-07-25
sel_000824,VA,61205,2024-01-04
sel_000825,AL,53901,2022-10-21
sel_000826,CA,44842,2022-10-09
sel_000827,FL,73339,2021-06-27
sel_000828,FL,22115,2024-04-27
sel_000829,FL,34399,2021-12-03
sel_000830,NY,68614,2024-12-22
sel_000831,IL,52749,2023-10-21
sel_000832,NY,78741,2024-04-12
sel_000833,TX,89423,2024-06-28
sel_000834,NY,83478,2022-08-07
sel_000835,OH,26231,2021-04-20
sel_000836,IN,18959,2022-04-06
sel_000837,CO,25850,2021-06-29
sel_000838,IL,79494,2022-07-28
sel_000839,WA,91916,2024-10-11
sel_000840,NY,92546,2023-07-31
sel_000841,GA,36139,2021-08-14
sel_000842,MA,84884,2024-10-25
sel_000843,TX,57163,2024-08-07
sel_000844,NC,83368,2021-07-30
sel_000845,NJ,58692,2024-09-27
sel_000846,TX,22156,2021-01-22
sel_000847,NC,17962,2021-11-19
sel_000848,NY,95483,2022-04-08
sel_000849,DE,47465,2022-10-19
sel_000850,CA,41588,2024-08-19
sel_000851,WA,41653,2023-04-19
sel_000852,NY,43666,2021-09-07
sel_000853,ME,94285,2021-04-16
sel_000854,NM,15573,2023-03-01
sel_000855,CA,20308,2021-07-21
sel_000856,TN,80475,2021-10-23
sel_000857,FL,58797,2024-10-05
sel_000858,SC,21530,2022-06-15
sel_000859,MO,13548,2022-06-21
sel_000860,GA,29919,2022-10-09
sel_000861,AZ,33279,2021-10-30
sel_000862,TN,11219,2021-05-07
sel_000863,CO,29305,2022-09-27
sel_000864,AR,75897,2023-09-07
sel_000865,PA,86959,2020-12-18
sel_000866,IL,89509,2021-01-16
sel_000867,KY,44683,2022-03-08
sel_000868,FL,38642,2022-05-15
sel_000869,TX,98278,2024-07-27
sel_000870,HI,78941,2023-05-08
sel_000871,FL,57420,2024-03-08
sel_000872,IL,32251,2022-11-20
sel_000873,FL,38771,2021-08-10
sel_000874,IL,55299,2024-01-29
sel_000875,CA,58827,2020-11-27
sel_000876,CO,11118,2024-06-19
sel_000877,ME,95772,2024-08-05
sel_000878,TX,61914,2020-12-31
sel_000879,CA,62568,2024-08-02
sel_000880,FL,28828,2021-12-24
sel_000881,UT,78365,2021-11-12
sel_000882,TX,75753,2023-08-24
sel_000883,NC,18244,2024-09-25
sel_000884,FL,62660,2023-09-25
sel_000885,MD,68435,2024-09-19
sel_000886,FL,84500,2022-03-29
sel_000887,CA,28203,2021-05-08
sel_000888,IA,88735,2020-11-27
sel_000889,NJ,51288,2021-09-18
sel_000890,IN,18237,2021-10-26
sel_000891,NY,19575,2021-05-19
sel_000892,GA,27214,2021-11-02
sel_000893,IL,35728,2022-04-30
sel_000894,PA,54238,2020-11-28
sel_000895,TX,76540,2023-09-04
sel_000896,IL,26721,2023-04-22
sel_000897,NJ,98585,2021-04-12
sel_000898,GA,24378,2023-09-21
sel_000899,AR,63998,2023-10-10
sel_000900,OK,92938,2024-05-17
sel_000901,CO,84616,2023-11-14
sel_000902,MD,67759,2022-07-25
sel_000903,MI,73674,2021-05-12
sel_000904,CT,21890,2024-06-09
sel_000905,CA,10482,2022-03-16
sel_000906,IL,48995,2021-11-08
sel_000907,WA,17527,2021-04-28
sel_000908,NY,41187,2021-12-02
sel_000909,KS,29479,2024-05-11
sel_000910,AZ,91449,2022-12-29
sel_000911,NY,88759,2021-02-02
sel_000912,CA,82867,2021-04-09
sel_000913,NE,73759,2022-06-26
sel_000914,OR,23744,2021-01-17
sel_000915,MD,14762,2022-04-04
sel_000916,HI,68780,2024-09-24
sel_000917,AR,67431,2021-03-31
sel_000918,AZ,42635,2024-04-22
sel_000919,MD,52406,2023-06-09
sel_000920,TX,53582,2024-01-09
sel_000921,FL,31673,2022-01-17
sel_000922,NJ,37340,2024-11-16
sel_000923,NC,47192,2022-05-16
sel_000924,CA,63759,2021-06-14
sel_000925,CA,95354,2021-10-07
sel_000926,IL,57552,2023-09-27
sel_000927,NC,75661,2021-04-26
sel_000928,MA,81864,2023-07-07
sel_000929,OK,20419,2022-03-17
sel_000930,TX,68588,2022-12-02
sel_000931,PA,52255,2024-09-20
sel_000932,WI,60765,2024-12-26
sel_000933,PA,13631,2024-03-31
sel_000934,TX,90615,2021-02-28
sel_000935,TX,94416,2021-01-30
sel_000936,OK,10713,2023-04-26
sel_000937,SC,28108,2021-01-08
sel_000938,VA,26939,2024-10-17
sel_000939,MI,79347,2021-01-10
sel_000940,NY,63405,2024-01-19
sel_000941,MS,25988,2024-11-05
sel_000942,TX,82426,2021-11-20
sel_000943,MD,41833,2023-06-06
sel_000944,TN,51438,2023-10-19
sel_000945,SC,44501,2021-11-18
sel_000946,WA,56136,2023-08-19
sel_000947,FL,52495,2021-11-28
sel_000948,OH,34419,2024-03-13
sel_000949,PA,47429,2024-08-24
sel_000950,VA,90575,2023-08-31
sel_000951,UT,54336,2022-07-01
sel_000952,NJ,91120,2024-01-28
sel_000953,NJ,58251,2024-05-30
sel_000954,CO,78440,2021-12-04
sel_000955,WA,36152,2022-12-22
sel_000956,FL,80456,2023-03-25
sel_000957,OH,33859,2024-01-06
sel_000958,SC,11521,2024-12-04
sel_000959,MA,24214,2024-10-12
sel_000960,FL,11268,2022-03-15
sel_000961,DE,94500,2024-09-02
sel_000962,TX,98340,2023-12-26
sel_000963,MS,77180,2021-04-05
sel_000964,CA,19114,2023-08-03
sel_000965,OH,90703,2021-12-10
sel_000966,FL,76933,2023-08-04
sel_000967,TX,39749,2021-03-05
sel_000968,IL,54587,2021-08-17
sel_000969,FL,68522,2023-01-26
sel_000970,CA,12167,2022-03-11
sel_000971,MS,54612,2023-04-21
sel_000972,MA,75614,2021-02-14
sel_000973,OR,26429,2023-07-12
sel_000974,MI,49984,2021-07-26
sel_000975,IL,57670,2022-06-21
sel_000976,GA,75425,2022-05-11
sel_000977,GA,95706,2023-07-23
sel_000978,VA,85773,2021-07-31
sel_000979,CO,65127,2021-12-08
sel_000980,WI,61216,2021-08-26
sel_000981,IL,63730,2021-09-16
sel_000982,CA,58377,2024-05-08
sel_000983,FL,15703,2021-05-28
sel_000984,CA,72529,2021-07-18
sel_000985,PA,73800,2024-01-02
sel_000986,MS,55142,2020-12-20
sel_000987,IL,87519,2022-11-01
sel_000988,NC,69918,2023-09-05
sel_000989,NY,42659,2024-01-31
sel_000990,VA,11895,2023-07-03
sel_000991,WA,15586,2024-11-04
sel_000992,NC,41132,2022-03-01
sel_000993,TN,51941,2022-02-03
sel_000994,RI,24362,2022-04-05
sel_000995,MN,26212,2022-09-30
sel_000996,OH,30614,2023-07-06
sel_000997,CA,79720,2022-01-10
sel_000998,PA,78743,2021-06-03
sel_000999,WA,44909,2024-08-21
sel_001000,CA,25729,2023-06-06
sel_001001,TX,19788,2020-11-29
sel_001002,VA,17294,2021-06-17
sel_001003,FL,44724,2020-12-01
sel_001004,MO,14331,2024-03-31
sel_001005,VA,39757,2023-02-02
sel_001006,WA,95652,2024-06-18
sel_001007,CA,55402,2021-06-11
sel_001008,IL,83196,2022-11-14
sel_001009,OH,21280,2023-12-31
sel_001010,FL,33514,2024-08-17
sel_001011,IL,94684,2021-12-21
sel_001012,AZ,44290,2021-09-01
sel_001013,CA,67327,2021-05-23
sel_001014,NJ,96529,2021-01-04
sel_001015,NY,59912,2021-08-27
sel_001016,NY,37524,2021-10-09
sel_001017,PA,57343,2021-09-01
sel_001018,LA,14355,2020-11-24
sel_001019,GA,20707,2023-02-05
sel_001020,AK,10384,2021-11-19
sel_001021,FL,88611,2021-08-19
sel_001022,IL,69700,2024-07-09
sel_001023,CT,36668,2022-03-01
sel_001024,AZ,29671,2023-08-11
sel_001025,CA,70887,2024-06-15
sel_001026,NC,91121,2024-04-19
sel_001027,NY,36591,2024-07-12
sel_001028,VA,38656,2021-04-25
sel_001029,SC,86331,2021-10-30
sel_001030,NJ,89892,2024-07-30
sel_001031,CA,91166,2022-06-07
sel_001032,NJ,36211,2022-04-16
sel_001033,CA,20147,2022-11-13
sel_001034,MD,49178,2022-07-06
sel_001035,KY,36982,2021-04-11
sel_001036,MD,88942,2022-11-14
sel_001037,GA,13694,2022-04-17
sel_001038,NC,66219,2022-08-27
sel_001039,TX,90463,2023-05-17
sel_001040,PA,96202,2021-05-05
sel_001041,NY,67217,2023-04-20
sel_001042,MT,94646,2021-09-18
sel_001043,AZ,16293,2022-07-07
sel_001044,OH,41111,2022-03-10
sel_001045,NE,10932,2021-11-17
sel_001046,GA,97582,2021-12-23
sel_001047,IL,90689,2022-09-07
sel_001048,VA,12742,2022-06-22
sel_001049,NY,11834,2022-11-29
sel_001050,MI,42226,2023-08-10
sel_001051,NY,33714,2022-01-06
sel_001052,LA,85613,2021-05-23
sel_001053,MI,24909,2022-02-07
sel_001054,GA,80468,2021-10-30
sel_001055,MA,59966,2021-08-04
sel_001056,NC,43123,2023-06-29
sel_001057,AZ,22639,2024-09-28
sel_001058,SC,98765,2023-08-12
sel_001059,GA,65390,2021-11-25
sel_001060,NC,49134,2021-08-26
sel_001061,NY,43660,2022-11-21
sel_001062,NY,90929,2021-10-20
sel_001063,NY,83119,2024-09-10
sel_001064,WA,82296,2022-05-10
sel_001065,MN,64950,2022-03-19
sel_001066,OK,89697,2022-11-30
sel_001067,OH,36568,2022-01-21
sel_001068,FL,72562,2022-12-25
sel_001069,GA,45462,2022-11-07
sel_001070,MD,63132,2022-07-09
sel_001071,GA,98191,2021-09-28
sel_001072,IN,97131,2023-12-24
sel_001073,KY,55475,2023-10-07
sel_001074,NY,61489,2023-04-13
sel_001075,FL,89114,2024-03-03
sel_001076,SC,97719,2023-08-17
sel_001077,MD,79225,2023-07-24
sel_001078,OH,15456,2023-09-16
sel_001079,CA,38803,2023-04-26
sel_001080,MI,89484,2022-12-05
sel_001081,AZ,78153,2022-02-21
sel_001082,NC,76189,2023-10-03
sel_001083,IL,69443,2021-07-12
sel_001084,WA,46348,2023-01-12
sel_001085,IL,45886,2022-01-15
sel_001086,NJ,81405,2024-07-11
sel_001087,FL,36557,2024-04-14
sel_001088,NY,70263,2023-02-20
sel_001089,MI,74952,2023-07-01
sel_001090,IN,85592,2022-12-18
sel_001091,FL,38390,2024-05-07
sel_001092,CA,76508,2023-01-21
sel_001093,CA,19709,2022-03-07
sel_001094,WI,22987,2022-01-04
sel_001095,LA,47407,2023-12-24
sel_001096,AL,14250,2023-08-02
sel_001097,WA,94582,2022-11-04
sel_001098,AZ,90959,2022-11-15
sel_001099,ME,14442,2021-10-01
sel_001100,OH,84545,2023-05-25
sel_001101,UT,55612,2022-03-31
sel_001102,OH,72943,2021-05-16
sel_001103,MI,88661,2023-10-10
sel_001104,WA,61424,2021-08-15
sel_001105,AZ,20737,2023-08-20
sel_001106,WI,10727,2023-08-17
sel_001107,TX,54807,2022-04-26
sel_001108,VA,94597,2022-06-12
sel_001109,FL,60538,2022-09-29
sel_001110,CA,43179,2024-01-19
sel_001111,NC,12749,2024-08-08
sel_001112,MS,91148,2021-04-08
sel_001113,MO,39646,2021-05-30
sel_001114,VA,72761,2021-05-11
sel_001115,NY,71175,2022-11-23
sel_001116,IL,32521,2021-05-15
sel_001117,KY,15408,2023-01-21
sel_001118,CA,44979,2024-09-08
sel_001119,FL,38973,2024-03-08
sel_001120,CA,72722,2023-11-18
sel_001121,SD,82857,2023-06-14
sel_001122,OH,29478,2021-02-22
sel_001123,MO,57978,2023-08-20
sel_001124,IA,13528,2022-06-26
sel_001125,NC,29285,2023-11-21
sel_001126,TN,77281,2022-05-11
sel_001127,TX,80993,2022-09-02
sel_001128,NV,79252,2024-05-19
sel_001129,TN,22492,2023-02-07
sel_001130,MS,59799,2024-07-26
sel_001131,MI,47250,2021-05-08
sel_001132,TX,98913,2022-02-09
sel_001133,KS,68725,2021-02-18
sel_001134,KY,93526,2021-05-28
sel_001135,ID,22644,2024-02-06
sel_001136,MO,50818,2022-02-04
sel_001137,NE,78523,2024-08-02
sel_001138,NY,42479,2021-01-21
sel_001139,MD,66672,2021-10-10
sel_001140,FL,55578,2022-03-16
sel_001141,TX,98328,2020-11-30
sel_001142,IL,25818,2021-07-10
sel_001143,VA,93647,2021-06-15
sel_001144,FL,45413,2024-08-02
sel_001145,NJ,51147,2024-11-25
sel_001146,MO,57342,2021-01-20
sel_001147,TN,33603,2023-12-20
sel_001148,CA,95285,2023-04-01
sel_001149,UT,91566,2024-10-27
sel_001150,MO,96443,2022-06-11
sel_001151,NJ,98693,2021-08-18
sel_001152,MS,69606,2021-07-18
sel_001153,AZ,50572,2022-08-12
sel_001154,MN,85812,2022-04-14
sel_001155,GA,12724,2022-11-21
sel_001156,IL,84768,2023-03-03
sel_001157,NY,54401,2022-09-21
sel_001158,MN,69696,2021-02-27
sel_001159,CA,43465,2023-12-18
sel_001160,CA,42140,2023-01-26
sel_001161,CT,12174,2022-07-13
sel_001162,DE,47558,2022-08-29
sel_001163,NY,46958,2024-11-15
sel_001164,CT,30453,2023-10-27
sel_001165,TX,32369,2022-05-07
sel_001166,FL,61378,2022-02-24
sel_001167,CA,38703,2021-12-26
sel_001168,TX,83291,2020-12-05
sel_001169,GA,19315,2022-03-28
sel_001170,MD,61962,2022-08-15
sel_001171,WA,24138,2023-08-21
sel_001172,VA,57990,2023-06-24
sel_001173,OH,59931,2021-08-10
sel_001174,CA,67128,2023-01-28
sel_001175,NM,48792,2022-01-23
sel_001176,WI,55275,2024-06-27
sel_001177,WA,26696,2024-06-21
sel_001178,CA,51616,2024-02-12
sel_001179,KY,43404,2024-03-13
sel_001180,IL,69106,2022-07-05
sel_001181,CA,48433,2022-05-20
sel_001182,OH,79754,2022-09-16
sel_001183,GA,47336,2023-10-24
sel_001184,IL,30289,2022-08-19
sel_001185,CA,34783,2024-07-04
sel_001186,MN,14123,2023-01-22
sel_001187,CA,58300,2024-05-12
sel_001188,MD,83776,2024-09-06
sel_001189,CA,78510,2024-04-26
sel_001190,WA,48482,2024-07-17
sel_001191,CA,27610,2023-01-14
sel_001192,MO,86330,2022-10-04
sel_001193,FL,15607,2022-07-04
sel_001194,CA,45816,2023-03-12
sel_001195,FL,86954,2024-04-10
sel_001196,CA,44910,2024-11-29
sel_001197,CA,20435,2022-01-27
sel_001198,MN,33929,2020-12-18
sel_001199,NY,63428,2023-11-05
sel_001200,CA,23803,2024-02-28
sel_001201,MA,68866,2023-09-20
sel_001202,NJ,48234,2024-02-13
sel_001203,FL,39657,2024-01-30
sel_001204,IA,31163,2022-12-20
sel_001205,CA,83576,2021-10-10
sel_001206,FL,45597,2022-01-28
sel_001207,MI,75101,2021-01-22
sel_001208,WI,49328,2023-07-14
sel_001209,WI,18132,2022-12-23
sel_001210,WV,49589,2023-06-09
sel_001211,MD,55803,2024-10-28
sel_001212,CA,50630,2023-05-28
sel_001213,IL,82690,2023-12-06
sel_001214,FL,91299,2023-01-13
sel_001215,AL,80726,2024-05-08
sel_001216,CA,61103,2021-12-15
sel_001217,MA,58871,2021-07-16
sel_001218,IL,67104,2021-01-20
sel_001219,CT,35611,2024-08-25
sel_001220,OH,82499,2024-07-07
sel_001221,IN,86815,2021-01-12
sel_001222,TX,33275,2021-07-08
sel_001223,FL,90629,2022-08-01
sel_001224,MT,85929,2023-09-06
sel_001225,CT,47141,2022-11-15
sel_001226,MN,90624,2022-10-20
sel_001227,CA,20576,2021-07-09
sel_001228,CO,12360,2022-10-29
sel_001229,NY,40508,2024-11-19
sel_001230,GA,60854,2022-02-16
sel_001231,CO,41761,2021-10-23
sel_001232,VA,93772,2023-10-11
sel_001233,AZ,32709,2024-07-09
sel_001234,NJ,35529,2024-05-31
sel_001235,NV,66363,2021-07-19
sel_001236,FL,10852,2023-03-01
sel_001237,MA,74210,2022-10-29
sel_001238,CA,43335,2021-01-21
sel_001239,OH,97946,2024-09-30
sel_001240,FL,71496,2024-02-26
sel_001241,FL,14321,2021-07-30
sel_001242,IL,18809,2022-10-13
sel_001243,TX,17709,2024-11-20
sel_001244,SC,94376,2022-02-11
sel_001245,WA,70890,2024-06-06
sel_001246,NY,48503,2021-10-15
sel_001247,NC,27484,2021-09-22
sel_001248,MI,87696,2021-08-13
sel_001249,TX,27573,2023-02-03
sel_001250,MS,72169,2023-11-25
sel_001251,IN,77280,2021-05-19
sel_001252,NY,36474,2022-09-15
sel_001253,NV,54923,2022-05-23
sel_001254,CA,29330,2024-06-09
sel_001255,KY,43870,2022-06-10
sel_001256,IL,95508,2022-08-14
sel_001257,TX,71924,2023-10-19
sel_001258,IA,85712,2021-11-07
sel_001259,TN,58984,2024-06-13
sel_001260,MA,31426,2022-01-17
sel_001261,PA,73118,2021-01-20
sel_001262,CA,54868,2022-09-02
sel_001263,VA,25821,2024-07-26
sel_001264,MI,46873,2022-09-23
sel_001265,GA,66241,2022-10-30
sel_001266,FL,75150,2022-09-25
sel_001267,GA,31898,2023-11-18
sel_001268,IN,87141,2022-06-06
sel_001269,OH,43184,2023-12-01
sel_001270,WA,34969,2022-09-16
sel_001271,NC,27676,2022-07-23
sel_001272,NV,81892,2022-05-07
sel_001273,MA,41726,2021-09-21
sel_001274,TN,53196,2021-05-18
sel_001275,TX,29772,2021-10-23
sel_001276,GA,71568,2021-09-24
sel_001277,WA,79721,2021-06-07
sel_001278,KY,40364,2024-01-02
sel_001279,SC,94973,2023-10-18
sel_001280,WA,12810,2022-10-23
sel_001281,OH,21874,2023-02-01
sel_001282,CO,62718,2022-02-12
sel_001283,NJ,72643,2024-12-17
sel_001284,CA,32825,2024-06-05
sel_001285,PA,59590,2021-12-07
sel_001286,GA,38109,2021-08-16
sel_001287,OH,59410,2023-10-04
sel_001288,UT,68427,2023-09-21
sel_001289,CT,96712,2022-09-11
sel_001290,KY,50736,2023-01-15
sel_001291,NY,67657,2024-04-21
sel_001292,MD,61937,2022-12-11
sel_001293,CO,38488,2021-08-20
sel_001294,AZ,32611,2022-01-02
sel_001295,LA,97646,2021-08-23
sel_001296,NY,28928,2022-05-10
sel_001297,NJ,80495,2021-05-25
sel_001298,CA,23461,2023-12-22
sel_001299,MA,81618,2024-10-23
sel_001300,IN,26242,2024-07-13
sel_001301,GA,96502,2020-12-04
sel_001302,OK,71424,2022-05-15
sel_001303,IL,18470,2023-12-25
sel_001304,NE,71399,2021-06-29
sel_001305,VA,63493,2023-09-24
sel_001306,MT,40329,2022-07-19
sel_001307,NY,33329,2023-12-23
sel_001308,CA,73403,2024-08-10
sel_001309,CT,75379,2023-11-25
sel_001310,CA,39930,2024-01-23
sel_001311,PA,87460,2022-09-24
sel_001312,TX,33743,2024-11-29
sel_001313,CT,16510,2024-01-06
sel_001314,FL,63707,2022-09-01
sel_001315,IL,19102,2023-05-20
sel_001316,NM,34207,2022-05-22
sel_001317,NY,55926,2022-04-23
sel_001318,NC,35507,2021-01-13
sel_001319,TX,29139,2021-07-26
sel_001320,GA,72330,2024-01-23
sel_001321,NY,58714,2022-02-26
sel_001322,NJ,84266,2022-06-04
sel_001323,IL,61918,2022-07-24
sel_001324,UT,53136,2021-09-20
sel_001325,CA,33814,2024-05-23
sel_001326,OH,80382,2023-06-17
sel_001327,OH,27362,2021-08-25
sel_001328,UT,31766,2021-05-03
sel_001329,MO,84141,2024-11-05
sel_001330,IL,75776,2023-01-24
sel_001331,TN,64883,2023-11-30
sel_001332,PA,13729,2024-04-23
sel_001333,MN,21906,2024-10-06
sel_001334,PA,54181,2022-10-16
sel_001335,GA,76773,2022-04-05
sel_001336,NM,51379,2022-10-26
sel_001337,TX,11916,2023-06-27
sel_001338,IL,26857,2021-10-31
sel_001339,MI,62715,2022-04-28
sel_001340,WA,71871,2021-04-09
sel_001341,SC,12991,2023-07-29
sel_001342,TX,13998,2024-01-07
sel_001343,KS,33860,2023-02-16
sel_001344,WI,17514,2022-12-02
sel_001345,CA,58957,2023-02-13
sel_001346,MO,21132,2021-08-01
sel_001347,MI,67144,2024-10-23
sel_001348,SC,79134,2022-10-31
sel_001349,UT,96578,2023-03-27
sel_001350,OK,94213,2024-02-18
sel_001351,NY,34508,2022-05-15
sel_001352,MD,12192,2021-09-16
sel_001353,MS,39762,2022-10-04
sel_001354,MN,73178,2024-08-25
sel_001355,AZ,15689,2024-09-09
sel_001356,MN,42812,2023-04-08
sel_001357,TX,36426,2022-04-04
sel_001358,OH,29339,2023-09-18
sel_001359,SC,72523,2023-09-25
sel_001360,KY,68170,2021-06-20
sel_001361,MO,57512,2024-12-09
sel_001362,AZ,91480,2024-09-02
sel_001363,KS,19726,2024-05-11
sel_001364,MI,23917,2020-12-17
sel_001365,FL,44805,2022-12-16
sel_001366,AZ,68517,2024-05-07
sel_001367,ND,61264,2023-09-22
sel_001368,MD,16788,2021-01-07
sel_001369,ME,95874,2022-02-24
sel_001370,FL,37421,2024-01-30
sel_001371,MT,41731,2024-01-05
sel_001372,MD,65816,2024-09-09
sel_001373,MI,94452,2021-10-29
sel_001374,NJ,68549,2024-06-08
sel_001375,AL,94418,2023-10-28
sel_001376,UT,26440,2023-07-27
sel_001377,CA,65957,2022-06-14
sel_001378,MA,83116,2022-07-06
sel_001379,FL,55243,2021-09-19
sel_001380,MO,42948,2023-10-12
sel_001381,GA,97238,2023-06-02
sel_001382,TX,22725,2023-05-28
sel_001383,KY,46489,2024-10-21
sel_001384,NY,87927,2021-12-21
sel_001385,FL,90803,2022-10-20
sel_001386,AZ,97747,2023-01-17
sel_001387,LA,88585,2020-11-29
sel_001388,MO,14833,2024-04-06
sel_001389,MA,92380,2021-01-08
sel_001390,WA,48614,2022-03-17
sel_001391,OH,67706,2024-02-03
sel_001392,WI,45868,2022-03-19
sel_001393,GA,82947,2021-11-24
sel_001394,PA,61169,2023-07-06
sel_001395,NH,85171,2023-08-01
sel_001396,NY,27356,2021-07-28
sel_001397,WI,26750,2024-05-04
sel_001398,NY,49297,2024-12-11
sel_001399,TX,10294,2022-04-07
sel_001400,OH,71814,2021-04-12
sel_001401,CA,36165,2022-12-11
sel_001402,OH,59803,2024-06-11
sel_001403,MI,16815,2022-10-14
sel_001404,VA,25331,2023-12-19
sel_001405,SC,65146,2021-08-08
sel_001406,CA,37224,2022-06-27
sel_001407,CA,29795,2023-08-14
sel_001408,CA,30139,2022-06-08
sel_001409,MN,29177,2022-04-06
sel_001410,CA,65974,2022-03-19
sel_001411,OH,24755,2023-07-01
sel_001412,NV,42164,2022-08-28
sel_001413,TX,71288,2024-10-27
sel_001414,GA,55555,2023-05-06
sel_001415,MO,63221,2023-06-13
sel_001416,CA,32762,2022-10-21
sel_001417,TX,93110,2021-02-05
sel_001418,CO,46892,2021-01-31
sel_001419,CA,35502,2023-01-06
sel_001420,FL,90971,2022-05-07
sel_001421,SC,68724,2024-07-21
sel_001422,CA,64354,2023-01-08
sel_001423,NY,88130,2022-03-05
sel_001424,OR,15641,2022-03-13
sel_001425,OR,84832,2021-01-16
sel_001426,DE,70438,2023-02-01
sel_001427,CA,42482,2021-04-09
sel_001428,MA,32476,2020-12-24
sel_001429,FL,19387,2022-08-26
sel_001430,OH,93735,2024-08-15
sel_001431,IN,22357,2023-06-15
sel_001432,MA,33353,2021-11-10
sel_001433,CA,71904,2022-08-13
sel_001434,NJ,73539,2021-02-26
sel_001435,CT,24228,2021-08-25
sel_001436,NC,82709,2024-09-27
sel_001437,CA,55618,2021-06-19
sel_001438,WV,85831,2023-07-14
sel_001439,NC,17455,2021-08-21
sel_001440,CT,13445,2022-11-30
sel_001441,AL,66287,2023-02-17
sel_001442,IL,23541,2024-09-13
sel_001443,CA,56741,2024-07-05
sel_001444,FL,11322,2022-07-22
sel_001445,TX,79713,2022-08-30
sel_001446,NY,90832,2022-09-21
sel_001447,CO,84559,2024-05-10
sel_001448,NH,95473,2022-11-27
sel_001449,FL,90452,2024-09-30
sel_001450,WV,49716,2024-05-28
sel_001451,AZ,45232,2022-12-14
sel_001452,OK,89507,2022-06-20
sel_001453,PA,92458,2022-04-23
sel_001454,CA,96642,2020-12-20
sel_001455,CO,78779,2021-06-29
sel_001456,KS,27833,2023-06-10
sel_001457,TX,94694,2021-10-14
sel_001458,MT,94860,2024-08-09
sel_001459,NY,69529,2021-06-24
sel_001460,PA,86266,2023-05-31
sel_001461,TN,59833,2021-11-17
sel_001462,MI,94340,2021-01-06
sel_001463,MN,18399,2022-02-10
sel_001464,OH,86570,2021-03-22
sel_001465,GA,14207,2024-12-15
sel_001466,TX,40408,2024-04-19
sel_001467,AZ,22544,2022-06-06
sel_001468,FL,52279,2022-10-12
sel_001469,SC,30697,2024-07-03
sel_001470,IL,94995,2022-01-19
sel_001471,CA,59134,2024-10-04
sel_001472,CT,89954,2020-12-06
sel_001473,MO,34459,2024-05-10
sel_001474,TX,12820,2023-03-04
sel_001475,CA,79118,2021-08-14
sel_001476,AZ,72470,2022-11-21
sel_001477,MI,58296,2021-12-11
sel_001478,WA,82463,2022-02-10
sel_001479,GA,84233,2021-02-07
sel_001480,WA,62378,2023-02-04
sel_001481,TX,95600,2020-12-24
sel_001482,GA,74177,2022-11-17
sel_001483,TN,70190,2021-05-01
sel_001484,NC,42300,2021-12-28
sel_001485,MS,10627,2024-06-14
sel_001486,MD,31560,2022-05-11
sel_001487,TN,77260,2021-05-24
sel_001488,RI,73367,2024-06-21
sel_001489,PA,39618,2021-07-22
sel_001490,WI,65689,2024-07-25
sel_001491,MI,27621,2021-06-04
sel_001492,SC,33348,2021-10-05
sel_001493,TX,94190,2024-05-17
sel_001494,FL,46494,2022-01-07
sel_001495,AZ,31806,2024-07-08
sel_001496,LA,53746,2022-09-01
sel_001497,TX,44906,2021-03-17
sel_001498,GA,74399,2024-02-26
sel_001499,OH,95877,2024-04-14
sel_001500,AL,62114,2023-04-07
sel_001501,IN,62721,2023-06-27
sel_001502,NY,42229,2024-10-19
sel_001503,CA,60820,2023-02-16
sel_001504,TX,38510,2023-12-07
sel_001505,CA,10732,2024-06-27
sel_001506,UT,87797,2023-11-13
sel_001507,FL,48140,2024-11-30
sel_001508,WI,53945,2021-03-30
sel_001509,NY,17292,2020-12-01
sel_001510,CA,84610,2023-06-28
sel_001511,CA,25121,2021-05-26
sel_001512,CA,46634,2023-02-08
sel_001513,NM,84894,2021-04-03
sel_001514,SD,50479,2024-04-15
sel_001515,LA,92798,2023-10-31
sel_001516,MA,28712,2021-12-18
sel_001517,NM,73310,2024-02-05
sel_001518,MO,97366,2021-08-14
sel_001519,NC,58543,2023-04-02
sel_001520,MI,71910,2023-05-05
sel_001521,OH,44445,2023-02-20
sel_001522,WI,76956,2021-09-22
sel_001523,IL,90776,2024-12-22
sel_001524,AL,72791,2021-12-01
sel_001525,CA,93109,2021-10-19
sel_001526,NV,62130,2021-08-18
sel_001527,IL,61454,2020-11-27
sel_001528,VA,37900,2021-10-15
sel_001529,NY,73610,2022-10-30
sel_001530,MO,88188,2023-02-01
sel_001531,SC,67240,2023-05-29
sel_001532,GA,30266,2021-08-09
sel_001533,TN,58665,2023-05-22
sel_001534,AL,77496,2022-08-25
sel_001535,NY,93435,2024-08-08
sel_001536,VA,23132,2023-09-12
sel_001537,PA,21500,2023-11-28
sel_001538,TX,46867,2023-03-19
sel_001539,KY,21335,2022-12-09
sel_001540,TN,97125,2022-01-21
sel_001541,NV,47278,2023-03-24
sel_001542,NY,57975,2024-05-19
sel_001543,CA,30432,2022-10-05
sel_001544,FL,49817,2024-10-10
sel_001545,NV,97186,2021-07-07
sel_001546,CA,53776,2021-11-01
sel_001547,OR,10824,2024-01-28
sel_001548,TX,31566,2023-12-02
sel_001549,VA,97670,2024-11-19
sel_001550,CA,98642,2023-07-03
sel_001551,VA,28722,2024-11-03
sel_001552,CA,64379,2021-02-26
sel_001553,MI,16682,2024-06-12
sel_001554,TX,61795,2022-04-17
sel_001555,CA,21584,2022-08-28
sel_001556,AZ,82901,2024-01-10
sel_001557,AZ,93290,2021-09-06
sel_001558,MS,25617,2024-07-20
sel_001559,TN,51310,2021-05-11
sel_001560,CA,19229,2021-12-17
sel_001561,CA,40764,2022-05-23
sel_001562,NJ,15194,2021-05-22
sel_001563,FL,33885,2023-05-06
sel_001564,OK,98495,2023-11-04
sel_001565,WA,13110,2024-05-13
sel_001566,PA,86499,2021-03-16
sel_001567,TX,16849,2023-05-09
sel_001568,MO,57414,2021-08-05
sel_001569,TX,50302,2023-08-20
sel_001570,CT,92808,2021-01-29
sel_001571,CA,27760,2021-06-05
sel_001572,NY,25507,2023-09-26
sel_001573,AR,76132,2023-01-01
sel_001574,TX,74303,2021-09-27
sel_001575,OH,72548,2024-01-26
sel_001576,WA,12784,2024-11-25
sel_001577,IL,33956,2023-10-25
sel_001578,MI,84273,2022-07-29
sel_001579,OR,63425,2024-06-09
sel_001580,FL,63600,2023-08-19
sel_001581,NE,36685,2021-03-25
sel_001582,NY,33915,2024-09-09
sel_001583,WV,94249,2024-10-16
sel_001584,OR,74935,2023-04-05
sel_001585,CA,21764,2024-12-11
sel_001586,MI,93302,2024-11-19
sel_001587,NM,61817,2024-03-31
sel_001588,CA,39313,2024-07-30
sel_001589,MD,45401,2021-09-02
sel_001590,GA,74433,2024-06-30
sel_001591,CA,43949,2022-11-07
sel_001592,MS,61935,2022-02-07
sel_001593,CO,73895,2022-06-06
sel_001594,NM,27943,2022-04-25
sel_001595,CO,94136,2023-07-13
sel_001596,OH,41471,2021-05-08
sel_001597,FL,47799,2024-09-19
sel_001598,TX,72291,2024-07-23
sel_001599,AZ,64976,2021-06-26
sel_001600,MO,49934,2024-09-19
sel_001601,IL,67931,2024-03-18
sel_001602,FL,90114,2024-04-15
sel_001603,MI,81269,2024-11-11
sel_001604,TX,83826,2024-07-08
sel_001605,UT,32159,2022-08-25
sel_001606,ID,47372,2022-04-14
sel_001607,CA,59173,2024-08-28
sel_001608,OH,13492,2021-02-17
sel_001609,NJ,78383,2024-08-09
sel_001610,FL,38247,2022-03-07
sel_001611,PA,35368,2021-09-18
sel_001612,MO,33408,2022-11-11
sel_001613,NY,35712,2022-12-25
sel_001614,IN,40778,2024-07-20
sel_001615,MA,63675,2024-01-03
sel_001616,CT,61929,2021-07-04
sel_001617,PA,32983,2023-07-27
sel_001618,CA,28224,2024-11-09
sel_001619,PA,83905,2022-01-02
sel_001620,SC,18639,2022-03-12
sel_001621,OR,55297,2024-09-22
sel_001622,AZ,56716,2024-10-15
sel_001623,GA,61567,2024-07-09
sel_001624,MI,88302,2024-10-15
sel_001625,NY,65384,2022-06-21
sel_001626,VA,96326,2024-06-15
sel_001627,IA,87668,2022-07-05
sel_001628,TX,29782,2024-04-10
sel_001629,CO,31335,2021-01-03
sel_001630,IN,40712,2022-01-07
sel_001631,AR,44611,2023-06-18
sel_001632,OR,59276,2023-03-29
sel_001633,CA,30375,2024-09-24
sel_001634,FL,29925,2024-10-09
sel_001635,PA,43463,2022-10-17
sel_001636,MO,69808,2024-11-26
sel_001637,AL,71595,2022-05-19
sel_001638,AL,96908,2023-06-06
sel_001639,MS,28243,2024-06-04
sel_001640,ID,44850,2022-10-20
sel_001641,CT,95731,2022-09-24
sel_001642,NY,71310,2021-12-08
sel_001643,FL,62265,2024-03-09
sel_001644,NM,58274,2022-10-02
sel_001645,IA,16969,2021-07-13
sel_001646,CT,89716,2023-11-22
sel_001647,CA,65315,2021-07-28
sel_001648,FL,60772,2022-01-11
sel_001649,AZ,58353,2023-03-27
sel_001650,IL,44856,2021-05-17
sel_001651,TX,32964,2021-01-11
sel_001652,TX,77900,2024-01-10
sel_001653,IA,55301,2020-12-23
sel_001654,NJ,13580,2024-12-27
sel_001655,NJ,45202,2024-06-20
sel_001656,TN,92972,2024-10-27
sel_001657,FL,43700,2023-06-28
sel_001658,GA,46546,2021-02-25
sel_001659,ID,65474,2022-07-15
sel_001660,AZ,81270,2022-06-20
sel_001661,IL,69983,2024-08-25
sel_001662,TX,85141,2022-11-18
sel_001663,UT,20665,2023-06-06
sel_001664,CA,92858,2023-01-12
sel_001665,MA,90234,2023-12-05
sel_001666,KS,56752,2024-03-03
sel_001667,MI,65798,2021-02-02
sel_001668,NV,28510,2022-09-15
sel_001669,AZ,49944,2023-04-24
sel_001670,TX,28393,2024-09-11
sel_001671,WA,11236,2021-11-13
sel_001672,NY,97862,2023-01-22
sel_001673,NY,33731,2023-05-31
sel_001674,MO,62915,2022-04-06
sel_001675,IL,36993,2024-06-16
sel_001676,CA,42744,2022-10-23
sel_001677,NJ,45703,2021-06-16
sel_001678,AR,39858,2023-02-04
sel_001679,TN,66359,2024-12-30
sel_001680,MD,95737,2024-01-21
sel_001681,LA,48222,2024-10-08
sel_001682,IL,96778,2022-12-12
sel_001683,WA,69848,2023-07-03
sel_001684,CO,64308,2024-06-15
sel_001685,CA,31171,2022-03-07
sel_001686,CO,15755,2024-04-10
sel_001687,NY,85247,2023-08-06
sel_001688,WI,61211,2020-12-11
sel_001689,FL,46810,2024-09-22
sel_001690,TX,82952,2023-12-25
sel_001691,GA,37952,2023-09-11
sel_001692,NY,79404,2022-11-29
sel_001693,AZ,39196,2023-12-29
sel_001694,MN,91282,2021-01-06
sel_001695,NY,33471,2024-12-22
sel_001696,MO,22824,2021-02-08
sel_001697,FL,72240,2022-10-21
sel_001698,TN,24119,2024-11-03
sel_001699,WA,94491,2024-07-09
sel_001700,MA,68234,2024-07-29
sel_001701,NY,30586,2023-10-27
sel_001702,PA,28651,2023-08-19
sel_001703,FL,92374,2022-05-14
sel_001704,TX,64923,2023-09-21
sel_001705,GA,89106,2022-01-09
sel_001706,PA,19986,2023-10-17
sel_001707,CA,92389,2023-12-02
sel_001708,GA,56614,2023-11-14
sel_001709,MO,69774,2023-08-25
sel_001710,MO,43900,2021-07-24
sel_001711,TX,15129,2023-12-26
sel_001712,WI,95259,2023-11-17
sel_001713,CA,98357,2021-01-26
sel_001714,GA,42125,2022-04-26
sel_001715,IN,94423,2024-03-20
sel_001716,MI,24534,2021-06-08
sel_001717,MN,23810,2024-03-31
sel_001718,TX,16548,2024-05-01
sel_001719,PA,44133,2023-03-04
sel_001720,AZ,14566,2022-02-28
sel_001721,MA,45216,2024-03-22
sel_001722,NY,22823,2021-11-27
sel_001723,MA,75646,2024-05-10
sel_001724,CA,84162,2021-10-16
sel_001725,KY,71776,2024-08-09
sel_001726,LA,27582,2023-02-03
sel_001727,CT,78642,2022-05-16
sel_001728,PA,32697,2023-11-28
sel_001729,IL,77108,2022-06-27
sel_001730,NM,60553,2022-03-04
sel_001731,MS,42139,2022-05-01
sel_001732,TX,17774,2023-05-16
sel_001733,CA,83476,2021-10-28
sel_001734,CA,93933,2021-12-30
sel_001735,ID,69622,2023-08-29
sel_001736,MD,95648,2021-12-27
sel_001737,HI,93980,2021-03-25
sel_001738,PA,27693,2021-08-24
sel_001739,FL,75837,2021-12-27
sel_001740,CA,41874,2021-11-07
sel_001741,LA,53447,2021-09-11
sel_001742,PA,23388,2023-10-24
sel_001743,TX,96743,2022-01-15
sel_001744,OK,74905,2024-03-07
sel_001745,NH,33694,2023-07-12
sel_001746,OH,43862,2021-03-01
sel_001747,NC,47868,2023-11-02
sel_001748,FL,76793,2021-07-15
sel_001749,NV,92810,2023-04-07
sel_001750,PA,38568,2024-02-20
sel_001751,IL,52158,2024-08-07
sel_001752,NY,62493,2022-10-01
sel_001753,MI,45198,2023-02-23
sel_001754,MN,54620,2022-11-25
sel_001755,CA,19670,2024-10-27
sel_001756,NC,24230,2023-11-25
sel_001757,TX,45449,2024-12-25
sel_001758,CA,91160,2023-10-04
sel_001759,IN,41760,2021-03-05
sel_001760,AR,32982,2024-05-16
sel_001761,AZ,76950,2022-03-03
sel_001762,WI,94198,2024-12-22
sel_001763,MN,50769,2022-09-10
sel_001764,IN,10506,2021-03-21
sel_001765,GA,71812,2023-08-07
sel_001766,WI,46875,2024-03-10
sel_001767,FL,69140,2022-08-28
sel_001768,OH,34943,2023-11-08
sel_001769,GA,10197,2021-05-04
sel_001770,CA,40993,2021-07-07
sel_001771,NC,72232,2022-04-28
sel_001772,AL,44944,2022-05-18
sel_001773,NC,29617,2022-07-11
sel_001774,FL,51783,2021-12-24
sel_001775,OR,76849,2023-02-10
sel_001776,PA,20508,2021-01-07
sel_001777,OH,71476,2023-07-31
sel_001778,AZ,69671,2024-12-17
sel_001779,OH,42190,2022-02-17
sel_001780,WI,96842,2022-04-13
sel_001781,FL,89369,2020-12-21
sel_001782,GA,38390,2023-05-18
sel_001783,TN,12252,2023-04-04
sel_001784,CO,37987,2022-09-10
sel_001785,NY,28556,2023-05-23
sel_001786,PA,58423,2021-10-11
sel_001787,AZ,91183,2023-03-30
sel_001788,NV,87768,2021-10-13
sel_001789,NJ,37790,2023-04-03
sel_001790,ID,48972,2024-01-28
sel_001791,TX,13126,2020-12-07
sel_001792,CO,58937,2022-11-02
sel_001793,IN,15799,2022-02-05
sel_001794,TX,93537,2022-07-28
sel_001795,DE,87780,2023-07-11
sel_001796,TN,29867,2021-01-03
sel_001797,CA,72111,2023-06-23
sel_001798,MI,60688,2020-12-03
sel_001799,CA,81793,2023-03-26
sel_001800,NC,52368,2024-11-27
sel_001801,PA,27180,2024-11-05
sel_001802,TX,66962,2021-01-01
sel_001803,WI,17731,2022-10-31
sel_001804,NC,62254,2023-05-29
sel_001805,PA,28355,2021-09-01
sel_001806,MN,70368,2022-06-19
sel_001807,UT,83432,2022-04-15
sel_001808,NY,19185,2022-03-09
sel_001809,TX,45466,2024-03-08
sel_001810,FL,75530,2024-08-20
sel_001811,MN,24291,2022-01-04
sel_001812,OK,60400,2024-11-28
sel_001813,FL,69929,2022-01-17
sel_001814,FL,41596,2024-06-19
sel_001815,WV,84289,2023-12-03
sel_001816,MD,55374,2022-02-04
sel_001817,CT,65768,2022-06-11
sel_001818,IL,22268,2021-10-16
sel_001819,KY,12110,2022-06-29
sel_001820,NY,14735,2024-10-20
sel_001821,VA,90468,2021-07-21
sel_001822,WI,88755,2024-02-11
sel_001823,NY,81765,2024-06-10
sel_001824,OH,27570,2021-05-24
sel_001825,IL,56676,2024-03-13
sel_001826,TX,80201,2022-10-19
sel_001827,FL,70848,2023-01-02
sel_001828,CA,20473,2021-11-03
sel_001829,WA,89121,2024-10-25
sel_001830,TX,24822,2024-07-24
sel_001831,ID,25731,2023-04-18
sel_001832,NC,90548,2023-01-21
sel_001833,MI,53485,2021-10-06
sel_001834,IL,43441,2022-07-07
sel_001835,GA,59905,2024-05-22
sel_001836,CA,97878,2020-12-24
sel_001837,NV,20375,2023-02-10
sel_001838,MA,77590,2021-01-15
sel_001839,MS,39379,2020-12-08
sel_001840,FL,20398,2024-10-14
sel_001841,VA,47473,2022-12-03
sel_001842,NY,58345,2023-04-08
sel_001843,TX,28897,2022-12-15
sel_001844,CA,46329,2023-09-23
sel_001845,NY,66587,2022-09-15
sel_001846,TX,61299,2022-12-24
sel_001847,IL,74272,2024-03-27
sel_001848,FL,84481,2023-10-25
sel_001849,GA,46449,2024-05-24
sel_001850,GA,47698,2021-07-15
sel_001851,MA,54214,2022-03-21
sel_001852,IL,60340,2023-05-30
sel_001853,GA,19855,2023-05-17
sel_001854,NY,37634,2024-09-03
sel_001855,AR,25405,2023-10-23
sel_001856,IL,44220,2021-03-16
sel_001857,ND,96380,2024-11-13
sel_001858,CO,61608,2024-05-25
sel_001859,FL,48626,2021-07-11
sel_001860,FL,60171,2022-11-12
sel_001861,AL,69202,2024-11-12
sel_001862,MI,48427,2022-12-27
sel_001863,AZ,49164,2021-12-02
sel_001864,GA,72476,2023-08-01
sel_001865,WI,15103,2023-06-07
sel_001866,VA,58698,2022-05-29
sel_001867,FL,58747,2022-07-17
sel_001868,IL,77883,2021-04-17
sel_001869,MI,97895,2023-12-25
sel_001870,TX,80487,2023-11-13
sel_001871,SC,54653,2024-05-12
sel_001872,CA,25709,2022-04-09
sel_001873,CA,62567,2022-10-23
sel_001874,ME,84717,2023-07-29
sel_001875,TX,92977,2022-02-22
sel_001876,TX,83367,2023-06-15
sel_001877,CA,26369,2024-03-12
sel_001878,NJ,73877,2022-10-13
sel_001879,CA,88714,2023-03-17
sel_001880,NC,70955,2023-05-03
sel_001881,VT,71226,2023-03-05
sel_001882,MA,54422,2021-03-31
sel_001883,CA,66671,2024-02-11
sel_001884,NJ,36369,2023-11-13
sel_001885,LA,17363,2022-09-05
sel_001886,TN,83688,2024-10-21
sel_001887,IL,93932,2024-05-26
sel_001888,TX,86261,2022-09-04
sel_001889,GA,39151,2022-11-27
sel_001890,CA,18307,2022-04-27
sel_001891,IL,34113,2024-07-13
sel_001892,AZ,85573,2021-06-30
sel_001893,GA,68687,2023-01-03
sel_001894,NY,96232,2024-05-12
sel_001895,CA,40377,2023-09-20
sel_001896,CA,59573,2024-01-25
sel_001897,CA,80604,2023-02-22
sel_001898,CA,30607,2023-01-27
sel_001899,TX,95620,2023-03-21
sel_001900,VA,62258,2023-02-08
sel_001901,AR,10288,2021-04-10
sel_001902,PA,12506,2021-01-23
sel_001903,OK,88501,2022-12-27
sel_001904,WI,67869,2021-01-17
sel_001905,IL,77684,2021-08-22
sel_001906,GA,79352,2021-08-19
sel_001907,MA,47458,2024-01-27
sel_001908,TX,81467,2023-03-14
sel_001909,OH,93267,2023-07-22
sel_001910,MI,25743,2024-08-08
sel_001911,FL,78710,2024-09-09
sel_001912,OH,37108,2022-06-11
sel_001913,TX,38519,2023-04-10
sel_001914,KY,46928,2021-08-11
sel_001915,NC,86796,2022-04-03
sel_001916,KY,11214,2024-08-25
sel_001917,MI,48658,2021-07-23
sel_001918,MO,70366,2022-12-18
sel_001919,PA,19395,2022-09-04
sel_001920,WV,80986,2021-01-13
sel_001921,MA,93633,2022-05-16
sel_001922,IL,18969,2024-11-27
sel_001923,IA,23341,2024-04-09
sel_001924,CA,96552,2023-04-01
sel_001925,HI,27551,2024-11-05
sel_001926,CA,17383,2024-04-23
sel_001927,MD,94368,2021-10-01
sel_001928,CO,89588,2024-05-30
sel_001929,IL,68731,2024-04-24
sel_001930,RI,59130,2022-12-05
sel_001931,FL,91527,2024-08-16
sel_001932,NY,68597,2023-12-13
sel_001933,TX,68418,2021-02-24
sel_001934,NJ,85301,2022-05-29
sel_001935,FL,68619,2021-01-16
sel_001936,IL,54119,2023-07-18
sel_001937,NM,44142,2022-06-21
sel_001938,MN,54718,2024-01-08
sel_001939,CA,56780,2023-06-12
sel_001940,MA,42375,2024-04-13
sel_001941,NE,49305,2021-07-30
sel_001942,GA,81827,2024-03-30
sel_001943,NY,47812,2024-02-28
sel_001944,CA,12239,2023-02-04
sel_001945,IL,35448,2023-03-28
sel_001946,SC,30560,2023-09-17
sel_001947,GA,80510,2023-07-14
sel_001948,NY,49153,2023-10-15
sel_001949,LA,34825,2021-04-02
sel_001950,IL,82193,2022-08-14
sel_001951,VT,11847,2021-03-23
sel_001952,IL,25616,2020-12-12
sel_001953,FL,83807,2022-04-30
sel_001954,UT,59438,2021-08-11
sel_001955,OR,78724,2024-07-18
sel_001956,NC,84561,2021-02-06
sel_001957,AR,93791,2023-01-08
sel_001958,CA,15364,2022-01-26
sel_001959,NY,81204,2023-12-29
sel_001960,FL,73406,2024-08-09
sel_001961,FL,28585,2021-05-14
sel_001962,PA,92906,2023-02-26
sel_001963,GA,45103,2024-06-06
sel_001964,CA,88906,2022-04-18
sel_001965,AZ,63665,2024-10-10
sel_001966,MA,56111,2023-02-24
sel_001967,NY,24228,2022-02-09
sel_001968,TX,91144,2022-01-16
sel_001969,CA,59426,2023-02-20
sel_001970,FL,10926,2023-06-25
sel_001971,MO,11869,2021-07-23
sel_001972,IN,79813,2024-03-29
sel_001973,MI,24892,2024-09-10
sel_001974,VA,63461,2024-05-09
sel_001975,NE,70406,2021-09-17
sel_001976,LA,34359,2023-01-26
sel_001977,WI,60640,2024-11-05
sel_001978,CA,31320,2024-04-22
sel_001979,VA,94562,2024-11-18
sel_001980,MN,86396,2021-08-28
sel_001981,MN,35354,2023-02-08
sel_001982,VA,57800,2024-09-19
sel_001983,MN,54365,2024-02-03
sel_001984,MD,95614,2022-06-20
sel_001985,GA,45108,2022-07-25
sel_001986,NY,60658,2021-08-20
sel_001987,NJ,92307,2024-11-22
sel_001988,FL,24998,2024-09-17
sel_001989,OH,58124,2024-11-07
sel_001990,NY,19527,2023-05-20
sel_001991,KY,64319,2022-01-06
sel_001992,AL,42761,2022-04-12
sel_001993,MA,96541,2024-02-19
sel_001994,AL,46424,2022-04-20
sel_001995,CA,22147,2022-04-22
sel_001996,MD,84133,2024-03-19
sel_001997,CA,83322,2021-12-02
sel_001998,GA,71955,2023-04-07
sel_001999,NY,76755,2024-10-03
sel_002000,IL,33637,2023-05-25
sel_002001,WI,67482,2021-11-03
sel_002002,VT,13920,2022-02-21
sel_002003,NJ,27975,2023-11-24
sel_002004,WA,92116,2021-11-22
sel_002005,TX,75670,2023-05-27
sel_002006,IL,30830,2023-02-10
sel_002007,OR,19323,2024-08-23
sel_002008,CA,94767,2020-11-27
sel_002009,NC,19229,2021-07-22
sel_002010,MN,32163,2024-03-13
sel_002011,AZ,26614,2022-09-12
sel_002012,GA,10358,2021-10-18
sel_002013,WA,37972,2022-12-05
sel_002014,IL,96860,2024-02-19
sel_002015,CT,40574,2021-01-09
sel_002016,CT,54873,2023-11-24
sel_002017,MI,76915,2023-08-17
sel_002018,TX,59926,2023-06-22
sel_002019,PA,76764,2021-05-05
sel_002020,MD,68401,2022-12-12
sel_002021,FL,64420,2022-01-17
sel_002022,AR,67329,2021-04-20
sel_002023,MI,81613,2021-03-10
sel_002024,TN,73299,2021-06-26
sel_002025,OK,80821,2021-04-10
sel_002026,LA,22414,2021-02-08
sel_002027,NY,70885,2020-12-06
sel_002028,MD,75524,2022-05-12
sel_002029,NJ,36918,2024-06-16
sel_002030,MS,87906,2024-07-14
sel_002031,NC,37492,2021-09-24
sel_002032,MN,31958,2023-09-14
sel_002033,VA,87255,2021-09-12
sel_002034,MD,31596,2021-02-28
sel_002035,AK,46513,2022-05-10
sel_002036,FL,42705,2021-11-11
sel_002037,MN,89924,2023-11-08
sel_002038,NE,50844,2023-03-20
sel_002039,NV,71277,2021-01-14
sel_002040,OH,80415,2021-08-24
sel_002041,GA,65747,2024-02-28
sel_002042,NC,93952,2021-02-26
sel_002043,OH,81554,2022-12-13
sel_002044,LA,45496,2021-07-15
sel_002045,LA,94284,2022-11-10
sel_002046,CT,56710,2022-07-09
sel_002047,LA,12670,2024-05-02
sel_002048,PA,33352,2023-08-11
sel_002049,UT,65107,2022-01-12
sel_002050,NM,23509,2021-07-17
sel_002051,HI,61198,2024-08-19
sel_002052,NC,42376,2024-09-06
sel_002053,OK,57370,2022-02-26
sel_002054,IL,10576,2023-03-01
sel_002055,TN,85625,2021-07-07
sel_002056,CA,42533,2024-09-19
sel_002057,AL,22312,2023-07-26
sel_002058,CA,48632,2024-11-07
sel_002059,CA,53965,2022-02-01
sel_002060,TX,66120,2021-06-24
sel_002061,MD,56623,2024-05-09
sel_002062,GA,13446,2023-09-02
sel_002063,MD,87420,2021-07-11
sel_002064,KY,50298,2024-10-29
sel_002065,ID,16386,2021-02-02
sel_002066,CA,78983,2021-05-11
sel_002067,NY,68846,2024-05-16
sel_002068,CA,67692,2024-06-05
sel_002069,PA,47155,2022-02-27
sel_002070,FL,46877,2024-12-15
sel_002071,OK,57785,2022-12-03
sel_002072,SC,14280,2024-09-23
sel_002073,CA,36423,2022-10-26
sel_002074,CA,97515,2023-07-25
sel_002075,WA,68679,2022-02-05
sel_002076,MI,47968,2021-05-20
sel_002077,NY,29131,2022-12-29
sel_002078,AZ,76687,2022-05-13
sel_002079,GA,33880,2022-07-15
sel_002080,MN,24325,2020-12-15
sel_002081,TX,23267,2024-01-19
sel_002082,GA,74732,2024-01-07
sel_002083,PA,67873,2023-06-12
sel_002084,NC,16657,2021-12-22
sel_002085,CA,20959,2021-06-13
sel_002086,GA,66783,2023-11-10
sel_002087,FL,60444,2024-07-19
sel_002088,MA,71851,2022-07-02
sel_002089,NY,25883,2022-07-19
sel_002090,MD,74177,2023-06-18
sel_002091,FL,93262,2024-03-29
sel_002092,OH,63216,2021-07-06
sel_002093,NJ,27678,2021-07-11
sel_002094,MO,70717,2021-12-06
sel_002095,NV,40837,2022-08-16
sel_002096,FL,14868,2023-12-05
sel_002097,NC,36657,2023-05-06
sel_002098,KS,90329,2024-09-19
sel_002099,IN,46844,2023-12-22
sel_002100,CA,86311,2023-02-24
sel_002101,NY,55399,2023-03-17
sel_002102,NY,56440,2024-09-01
sel_002103,IL,10931,2021-01-25
sel_002104,TX,66515,2023-11-24
sel_002105,TX,19164,2022-11-28
sel_002106,CA,52683,2023-02-02
sel_002107,OH,33769,2023-01-27
sel_002108,KY,44109,2021-07-13
sel_002109,WY,57262,2021-12-08
sel_002110,FL,11216,2021-06-09
sel_002111,GA,35562,2023-06-11
sel_002112,MA,98296,2023-11-29
sel_002113,GA,15271,2023-03-31
sel_002114,OH,38284,2022-09-11
sel_002115,MI,38971,2023-08-13
sel_002116,FL,43670,2023-02-10
sel_002117,MN,70216,2024-05-18
sel_002118,TX,32473,2022-08-08
sel_002119,RI,50111,2022-01-25
sel_002120,MN,67370,2022-11-01
sel_002121,GA,38642,2021-06-01
sel_002122,CT,94877,2020-11-29
sel_002123,TX,97471,2021-04-13
sel_002124,OH,20294,2024-08-13
sel_002125,NJ,40369,2021-05-20
sel_002126,TX,28235,2023-08-18
sel_002127,CA,26691,2023-02-22
sel_002128,NC,53133,2023-04-23
sel_002129,FL,60857,2023-11-01
sel_002130,CA,47386,2021-05-26
sel_002131,MI,34441,2022-05-19
sel_002132,KS,34930,2021-01-11
sel_002133,VA,98408,2021-01-29
sel_002134,IL,92867,2023-04-11
sel_002135,TN,16541,2022-01-06
sel_002136,OR,68479,2022-12-08
sel_002137,NC,50544,2022-12-20
sel_002138,VA,71364,2021-12-18
sel_002139,LA,63318,2022-03-04
sel_002140,KY,89176,2021-04-04
sel_002141,CO,15133,2021-10-29
sel_002142,GA,41645,2022-06-12
sel_002143,TX,97508,2021-03-24
sel_002144,MI,26431,2024-07-30
sel_002145,IL,21524,2021-11-12
sel_002146,FL,74131,2023-05-22
sel_002147,MI,79305,2023-03-22
sel_002148,OH,69833,2021-10-16
sel_002149,GA,79702,2023-11-16
sel_002150,PA,71268,2021-05-16
sel_002151,NY,22442,2022-12-12
sel_002152,PA,64655,2023-07-26
sel_002153,FL,79377,2023-08-27
sel_002154,NY,87503,2023-04-10
sel_002155,CA,31761,2021-02-16
sel_002156,IN,21464,2024-07-30
sel_002157,OH,79793,2022-11-30
sel_002158,NY,32249,2021-07-28
sel_002159,CT,12180,2023-01-23
sel_002160,TX,83804,2022-09-04
sel_002161,AR,55612,2023-07-28
sel_002162,NY,39272,2024-06-09
sel_002163,WI,11704,2022-05-17
sel_002164,MO,13194,2021-03-22
sel_002165,SC,80623,2022-11-12
sel_002166,NY,53296,2023-03-24
sel_002167,PA,23519,2024-06-20
sel_002168,NY,41580,2021-02-13
sel_002169,ND,24308,2021-06-07
sel_002170,FL,20481,2021-04-18
sel_002171,OR,34300,2023-07-11
sel_002172,FL,58547,2022-06-07
sel_002173,WI,28728,2023-03-23
sel_002174,FL,40406,2024-01-14
sel_002175,FL,52225,2024-02-26
sel_002176,TX,47623,2023-06-04
sel_002177,FL,21607,2022-09-23
sel_002178,IN,13642,2024-07-01
sel_002179,OH,13257,2022-02-12
sel_002180,CO,41652,2023-02-13
sel_002181,CO,73521,2021-05-20
sel_002182,MI,21448,2023-11-09
sel_002183,FL,80181,2024-10-14
sel_002184,FL,73446,2023-09-20
sel_002185,AL,10724,2021-01-01
sel_002186,IN,12432,2023-09-05
sel_002187,IL,27625,2022-02-09
sel_002188,AZ,14181,2021-07-15
sel_002189,NY,57993,2023-10-31
sel_002190,NY,13514,2022-05-12
sel_002191,CA,81361,2024-02-28
sel_002192,IL,53853,2023-07-07
sel_002193,TX,74363,2023-10-14
sel_002194,NJ,76707,2022-03-29
sel_002195,LA,55496,2021-05-28
sel_002196,MI,92885,2023-12-18
sel_002197,FL,98707,2023-10-21
sel_002198,TN,41198,2021-08-18
sel_002199,UT,21955,2023-02-06
sel_002200,UT,42199,2022-11-22
sel_002201,FL,29118,2022-02-07
sel_002202,IL,57631,2024-06-07
sel_002203,CO,43768,2021-06-02
sel_002204,IL,52962,2023-07-02
sel_002205,IL,77167,2022-04-18
sel_002206,NY,34778,2023-03-24
sel_002207,DE,57777,2021-11-28
sel_002208,VA,39134,2022-06-28
sel_002209,CA,79805,2024-04-15
sel_002210,AL,66463,2024-03-24
sel_002211,TX,10754,2021-05-25
sel_002212,OH,68700,2022-11-13
sel_002213,IN,25757,2023-11-13
sel_002214,NY,74870,2024-05-30
sel_002215,FL,60757,2024-06-21
sel_002216,CO,45726,2021-03-23
sel_002217,MI,71800,2020-12-28
sel_002218,IN,86102,2023-05-21
sel_002219,NY,79812,2024-03-03
sel_002220,FL,58567,2023-04-13
sel_002221,NC,74509,2024-06-09
sel_002222,PA,46822,2022-09-29
sel_002223,CO,80286,2022-06-06
sel_002224,AZ,83393,2020-12-15
sel_002225,MA,22889,2023-09-10
sel_002226,PA,31282,2024-03-09
sel_002227,NY,34541,2024-06-14
sel_002228,OH,24243,2023-06-14
sel_002229,LA,44295,2022-07-13
sel_002230,FL,27920,2024-09-22
sel_002231,MO,63112,2021-11-19
sel_002232,FL,19831,2023-02-10
sel_002233,OH,34237,2021-09-28
sel_002234,FL,69853,2023-02-05
sel_002235,GA,45767,2024-05-11
sel_002236,MN,47197,2024-11-28
sel_002237,MI,81926,2022-09-18
sel_002238,NY,97189,2022-10-14
sel_002239,MD,60660,2021-08-29
sel_002240,VA,17955,2021-05-25
sel_002241,TX,19341,2024-05-03
sel_002242,TX,96599,2023-09-16
sel_002243,NY,70543,2024-02-23
sel_002244,NY,76173,2024-07-24
sel_002245,NY,70159,2024-12-27
sel_002246,MD,25555,2024-08-29
sel_002247,IL,49237,2022-11-05
sel_002248,NM,81371,2024-05-17
sel_002249,AZ,87113,2024-03-14
sel_002250,AL,31366,2024-07-07
sel_002251,TX,63460,2022-01-10
sel_002252,AR,23613,2022-05-23
sel_002253,MO,95220,2021-01-18
sel_002254,NY,32530,2024-07-16
sel_002255,FL,74222,2024-02-22
sel_002256,TX,30311,2023-02-16
sel_002257,DE,64174,2022-05-03
sel_002258,TX,68482,2024-06-19
sel_002259,PA,39875,2024-02-17
sel_002260,FL,82821,2023-04-09
sel_002261,CA,88310,2024-12-04
sel_002262,IL,86258,2023-05-18
sel_002263,KY,39599,2021-11-19
sel_002264,FL,76619,2022-11-02
sel_002265,WI,59438,2023-03-21
sel_002266,FL,62527,2022-12-30
sel_002267,TX,52626,2021-02-10
sel_002268,CO,63396,2022-11-11
sel_002269,WI,22369,2022-10-22
sel_002270,FL,46244,2021-03-06
sel_002271,MD,25954,2024-05-08
sel_002272,NH,34764,2024-08-09
sel_002273,CA,21974,2023-02-25
sel_002274,TN,28454,2023-09-10
sel_002275,GA,79281,2024-03-01
sel_002276,NV,58806,2024-07-04
sel_002277,NV,12122,2021-05-24
sel_002278,NY,80336,2022-06-24
sel_002279,CA,90933,2022-03-01
sel_002280,CO,88996,2024-07-06
sel_002281,CO,83444,2023-08-07
sel_002282,ID,98410,2022-06-14
sel_002283,CA,62105,2022-10-31
sel_002284,VA,95632,2022-02-23
sel_002285,MS,94417,2022-04-02
sel_002286,NY,37569,2023-04-21
sel_002287,IN,86593,2021-10-14
sel_002288,GA,80292,2023-12-07
sel_002289,MN,79758,2024-09-01
sel_002290,GA,89151,2021-04-01
sel_002291,IL,44179,2024-11-27
sel_002292,MA,45782,2023-11-01
sel_002293,MN,66776,2024-07-12
sel_002294,WI,75992,2024-01-18
sel_002295,FL,88627,2023-05-18
sel_002296,MI,87143,2024-06-19
sel_002297,CA,74569,2023-01-31
sel_002298,IL,95552,2021-03-11
sel_002299,OH,25750,2024-06-09
sel_002300,CO,94114,2021-03-13
sel_002301,NJ,15694,2023-04-24
sel_002302,ME,59593,2022-07-26
sel_002303,AR,18614,2023-03-10
sel_002304,VA,60863,2023-09-13
sel_002305,LA,44412,2024-07-20
sel_002306,PA,17609,2022-07-25
sel_002307,ME,67352,2021-03-27
sel_002308,VA,75943,2022-11-11
sel_002309,GA,25614,2022-07-16
sel_002310,LA,71116,2022-05-11
sel_002311,PA,25455,2023-05-28
sel_002312,IL,22419,2024-07-03
sel_002313,IN,23906,2022-12-02
sel_002314,WI,63395,2021-06-07
sel_002315,NH,79116,2023-09-17
sel_002316,ND,63714,2021-06-03
sel_002317,NY,82299,2021-06-29
sel_002318,TN,62790,2023-12-30
sel_002319,TX,80257,2022-08-22
sel_002320,NJ,96346,2021-12-06
sel_002321,GA,44272,2022-12-20
sel_002322,AZ,23329,2022-02-16
sel_002323,NY,22758,2021-04-05
sel_002324,TN,63450,2022-06-04
sel_002325,MA,58643,2021-07-23
sel_002326,CO,26366,2021-09-17
sel_002327,GA,88110,2021-08-30
sel_002328,MN,95966,2021-07-02
sel_002329,TX,32388,2024-01-27
sel_002330,CO,28604,2024-12-03
sel_002331,NY,29810,2024-05-15
sel_002332,PA,44969,2023-12-22
sel_002333,VA,85460,2022-03-02
sel_002334,CA,63121,2022-11-27
sel_002335,VA,16554,2023-01-28
sel_002336,NY,52458,2024-12-17
sel_002337,PA,18855,2022-03-12
sel_002338,CA,46522,2023-07-03
sel_002339,MN,45547,2021-11-16
sel_002340,NY,67786,2024-07-14
sel_002341,IL,58249,2023-10-15
sel_002342,MD,87355,2024-10-10
sel_002343,NV,11135,2023-10-31
sel_002344,NV,78447,2021-03-17
sel_002345,AZ,12829,2022-12-26
sel_002346,MA,37979,2023-03-13
sel_002347,FL,88143,2023-11-16
sel_002348,VT,71642,2023-11-29
sel_002349,WV,25408,2022-04-05
sel_002350,HI,53231,2020-12-15
sel_002351,CO,74349,2021-12-07
sel_002352,FL,93820,2021-12-22
sel_002353,MI,66207,2023-01-23
sel_002354,TX,12231,2024-08-05
sel_002355,MN,54802,2022-01-11
sel_002356,CA,23735,2021-09-05
sel_002357,AZ,14338,2022-11-26
sel_002358,FL,63844,2024-08-15
sel_002359,TX,79578,2022-01-27
sel_002360,NY,13363,2021-03-21
sel_002361,NJ,79173,2024-01-28
sel_002362,IL,72732,2024-05-05
sel_002363,VA,76295,2021-12-19
sel_002364,IL,31278,2023-08-21
sel_002365,TX,45571,2022-01-24
sel_002366,TX,20610,2022-02-10
sel_002367,MI,31605,2023-11-27
sel_002368,TX,36958,2024-10-28
sel_002369,GA,38883,2022-09-19
sel_002370,NY,25176,2023-04-29
sel_002371,CA,26477,2021-06-27
sel_002372,MI,90258,2023-07-13
sel_002373,FL,79726,2023-12-22
sel_002374,CA,40402,2021-06-20
sel_002375,AL,94742,2021-12-23
sel_002376,IL,31919,2022-06-18
sel_002377,NM,46171,2021-01-31
sel_002378,MA,82880,2021-10-14
sel_002379,ID,49732,2021-06-11
sel_002380,WI,30864,2021-09-20
sel_002381,VA,42340,2023-05-09
sel_002382,CA,54340,2024-09-28
sel_002383,LA,65772,2022-07-04
sel_002384,NY,46804,2021-11-10
sel_002385,OK,48972,2020-12-05
sel_002386,IN,33733,2022-03-15
sel_002387,OR,57948,2022-08-31
sel_002388,CA,29276,2022-08-21
sel_002389,IL,87910,2024-07-11
sel_002390,OH,76526,2024-12-19
sel_002391,NY,46699,2024-10-23
sel_002392,TX,76348,2021-04-14
sel_002393,AR,10166,2021-10-03
sel_002394,CO,40712,2023-12-06
sel_002395,AR,49655,2023-04-05
sel_002396,FL,51326,2023-01-06
sel_002397,AL,76750,2023-12-27
sel_002398,MN,95842,2023-04-07
sel_002399,MO,43733,2023-07-28
sel_002400,NY,41884,2022-02-23
sel_002401,KS,64850,2021-11-21
sel_002402,AL,35113,2024-08-05
sel_002403,NC,22577,2023-02-02
sel_002404,CA,95663,2020-12-06
sel_002405,TX,82521,2021-06-08
sel_002406,AZ,95945,2021-09-28
sel_002407,MO,29875,2021-12-25
sel_002408,TX,11632,2024-12-24
sel_002409,NJ,48370,2020-12-31
sel_002410,NY,93695,2021-12-24
sel_002411,NC,22225,2021-05-09
sel_002412,CA,20373,2021-04-08
sel_002413,NC,16337,2023-12-15
sel_002414,TX,78885,2024-12-10
sel_002415,WA,79545,2022-04-18
sel_002416,MA,71948,2023-02-11
sel_002417,IL,14913,2024-11-30
sel_002418,PA,74447,2023-11-21
sel_002419,NE,49494,2020-12-06
sel_002420,FL,24307,2023-07-05
sel_002421,CO,36105,2023-12-05
sel_002422,CO,54528,2022-04-24
sel_002423,MA,39258,2022-04-09
sel_002424,CO,96709,2023-08-21
sel_002425,AZ,52749,2021-07-07
sel_002426,AR,43293,2022-08-14
sel_002427,VA,69792,2024-05-04
sel_002428,CA,67609,2023-08-31
sel_002429,CA,10673,2021-07-09
sel_002430,MA,65470,2024-08-19
sel_002431,FL,31980,2024-12-12
sel_002432,WA,43344,2022-04-21
sel_002433,UT,72533,2023-03-09
sel_002434,LA,59682,2023-12-18
sel_002435,MA,42236,2023-01-23
sel_002436,IA,24944,2024-03-30
sel_002437,AZ,54474,2023-06-19
sel_002438,GA,38748,2024-01-15
sel_002439,CA,91791,2022-08-05
sel_002440,CA,57527,2022-03-27
sel_002441,NJ,87869,2021-03-30
sel_002442,CA,44966,2024-09-20
sel_002443,CA,83860,2023-08-28
sel_002444,MI,15216,2023-11-30
sel_002445,MA,36784,2022-08-15
sel_002446,CA,16174,2022-10-23
sel_002447,AL,12272,2021-05-25
sel_002448,FL,91748,2021-03-24
sel_002449,FL,73362,2021-10-29
sel_002450,SC,65800,2024-03-07
sel_002451,UT,57869,2024-10-30
sel_002452,LA,60391,2021-04-23
sel_002453,LA,66947,2021-02-16
sel_002454,OH,83548,2023-12-21
sel_002455,NY,63977,2024-10-22
sel_002456,CT,76551,2022-03-16
sel_002457,CA,35914,2022-08-01
sel_002458,MD,96163,2021-05-08
sel_002459,NJ,12203,2022-08-21
sel_002460,CA,44243,2021-11-17
sel_002461,GA,88921,2021-10-09
sel_002462,IL,26845,2024-12-16
sel_002463,GA,22807,2024-05-22
sel_002464,MA,42136,2021-10-18
sel_002465,NY,48839,2024-04-06
sel_002466,MN,93208,2024-02-26
sel_002467,FL,84363,2021-11-29
sel_002468,CA,51197,2024-02-28
sel_002469,TN,96810,2024-05-20
sel_002470,MI,67753,2024-12-10
sel_002471,CA,87228,2023-01-27
sel_002472,FL,31133,2022-05-21
sel_002473,SC,53544,2021-12-30
sel_002474,OR,12694,2021-04-13
sel_002475,TX,10812,2022-04-29
sel_002476,NY,72832,2021-11-23
sel_002477,MD,20882,2024-02-19
sel_002478,MD,58876,2023-08-08
sel_002479,FL,71690,2023-10-02
sel_002480,NY,12722,2024-09-24
sel_002481,NJ,49863,2021-01-08
sel_002482,CA,70166,2024-01-04
sel_002483,TX,89156,2023-02-27
sel_002484,IN,36294,2023-07-14
sel_002485,AR,96237,2024-10-25
sel_002486,IL,85299,2021-04-16
sel_002487,TX,67181,2024-02-05
sel_002488,VT,44660,2024-08-02
sel_002489,MI,73884,2023-08-05
sel_002490,WA,82566,2024-05-29
sel_002491,TX,36334,2020-11-23
sel_002492,TN,98646,2024-03-22
sel_002493,TX,90489,2023-10-04
sel_002494,KS,53842,2023-11-20
sel_002495,PA,74280,2024-11-21
sel_002496,NJ,56291,2024-12-11
sel_002497,OH,77126,2022-11-23
sel_002498,CT,83935,2024-01-17
sel_002499,OK,12666,2024-08-27
sel_002500,WA,17423,2023-10-21
